city,state,country,2020,2021,2022,2023,2024,2025,2026
Rose Hills,CA,US,,,,,,,100
Crested Butte,CO,US,88,89,87,87,87,87,100
Balltown,IA,US,,,,67,67,65,100
Mackinac Island,MI,US,,,,99,99,100,100
Fort Yates,ND,US,,,,,88,88,100
Old Orchard,PA,US,,,,41,46,47,100
Bolton,VT,US,,,,,,,98
Washburn,WI,US,,,,89,89,89,98
Bradbury,CA,US,,,,,,,97
Kent Narrows,MD,US,,,,,,,97
Murdock,NE,US,,,,84,84,89,97
West Wildwood,NJ,US,,,,,,6,97
Earlysville,VA,US,,,,42,55,55,97
Blue Diamond,NV,US,,,,85,85,84,96
Glenbrook,NV,US,,,,,65,65,96
Chautauqua,NY,US,,,53,67,68,68,96
Mount Hope,OH,US,,,,30,30,30,96
Isla Vista,CA,US,,,61,61,64,63,95
Silverado,CA,US,,,,,,,95
Victory,VT,US,,,,,,,95
Rolling Hills,CA,US,,,,,,,93
Glendale,CO,US,,,47,47,47,36,93
Bouton,IA,US,,,,,,,93
Berkley,MI,US,,,,,58,58,93
Calumet,MI,US,,,,,59,67,93
Sunset,UT,US,,,,40,40,40,93
Springdale,UT,US,,,,90,89,89,92
Hillsboro,VA,US,,,,,45,47,92
Perrysville,OH,US,,,,,,85,90
Chunchula,AL,US,,,,50,50,50,89
Sula,MT,US,,,,,41,41,89
Luke,MD,US,,,,,,,88
Glen Arbor,MI,US,,,,,47,48,88
Woodland,MS,US,,,,,81,81,88
South San Jose Hills,CA,US,,,,,,,87
Alto Pass,IL,US,,,,,54,54,87
Flintstone,MD,US,,,,,,,87
Little Orleans,MD,US,,,,,,,87
Spring Lake,MI,US,,,,,,,87
Gilchrist,OR,US,,,,,,,86
Ashland,WI,US,46,46,79,80,81,81,86
Shorewood,WI,US,,,62,76,76,77,86
Soldotna,AK,US,63,62,61,64,66,67,85
Point Arena,CA,US,,,63,69,69,69,85
Polson,MT,US,,,,,,,85
Sewanee,TN,US,,,,,83,81,85
Eagle Lake,WI,US,,,,,40,40,85
Braswell,GA,US,,,50,50,39,39,84
Glendale,SC,US,,,,,,,84
Whitefish Bay,WI,US,,,,,64,66,84
Crescent City,CA,US,,,,,,,83
Trail,MN,US,,,,,54,54,83
Hoboken,NJ,US,,,62,62,62,65,83
Emerald Isle,NC,US,,,,74,76,76,83
Birdsboro,PA,US,,,58,59,59,59,83
Wolcott,VT,US,,,,,,,83
Empire,CO,US,,,17,17,17,20,82
Carroll,IA,US,,,,,78,78,82
Copper Harbor,MI,US,,,,,,,82
Roselle,NJ,US,,,,,30,30,82
Roselle Park,NJ,US,,,,,46,46,82
Newtown,PA,US,,,,,34,34,82
Moroni,UT,US,,,,,,,82
Media,PA,US,,,,40,38,42,81
McCook,IL,US,,13,14,14,14,15,80
Rochester Hills,MI,US,,,,,,,80
Hancocks Bridge,NJ,US,,18,18,29,29,31,80
Davenport,CA,US,72,69,65,65,65,65,79
Santa Claus,IN,US,,,,51,48,49,79
Vienna,ME,US,,,,,,66,79
Winnett,MT,US,,,,80,80,80,79
St. Marys,OH,US,,,,76,76,77,79
New Hope,PA,US,,,,,42,44,79
Yorktown,VA,US,33,33,33,34,34,34,79
Ojai,CA,US,,,,58,69,69,78
Fayette,MO,US,,,88,88,80,89,78
Lewiston,NY,US,,,,,,,78
Middletown,PA,US,,,,,,,78
Robinson,PA,US,,27,27,27,27,27,78
Orderville,UT,US,,,,,,,78
Oakdale,CA,US,,,,,,,77
Sanibel,FL,US,,,,63,64,64,77
Stateline,NV,US,,,,,49,42,77
Zephyr Cove,NV,US,,,,,55,55,77
Signal Mountain,TN,US,,,,,51,54,77
Oak Leaf,TX,US,,,6,10,10,10,77
Gassaway,WV,US,,,,,38,38,77
Jackson,WY,US,24,31,31,79,72,80,77
Del Aire,CA,US,,,,,,,76
Sun Valley,ID,US,,,,,,33,76
Dexter,MI,US,,,,,,,76
Munising,MI,US,,,,,,49,76
Rochester,MI,US,,,,61,63,64,76
Lawrenceville,NJ,US,,,,,,,76
Tierra Amarilla,NM,US,,38,38,43,43,43,76
West Fargo,ND,US,37,35,47,49,60,59,76
Bellwood,PA,US,,,,31,33,37,76
Emmaus,PA,US,45,51,51,55,50,58,76
Dover,WI,US,,,,,,,76
Prairie Du Sac,WI,US,,,,,,,76
Sacaton,AZ,US,,,,,,,75
Maywood,CA,US,,,,,,,75
Senoia,GA,US,,,,9,11,38,75
Provincetown,MA,US,87,87,88,96,96,96,75
Big Sky,MT,US,,,,,,76,75
Sauk City,WI,US,,,,,,90,75
Sun Prairie,WI,US,57,58,60,60,60,63,75
Stanford,CA,US,37,44,50,62,64,67,74
Canton Valley,CT,US,,,,37,38,40,74
Deer Isle,ME,US,,,,,,,74
North Kansas City,MO,US,26,26,24,29,35,37,74
Tabor,SD,US,,,,,79,76,74
Cresson,TX,US,,,28,28,28,28,74
Westlake,TX,US,,,15,20,21,22,74
Brighton,UT,US,,,,,62,66,74
Gales Ferry,CT,US,,,,,,,73
Hailey,ID,US,,,,25,24,77,73
Dedham,ME,US,,,,,,,73
Ferndale,MI,US,50,49,49,50,50,53,73
Highland Park,NJ,US,,,,,36,36,73
Dover,OK,US,,,,,,,73
Jersey Shore,PA,US,,,,,73,73,73
New Fairview,TX,US,,,44,44,34,34,73
Concord,VT,US,,,,,,,73
Anchorage,AK,US,32,38,39,63,64,64,72
Rogers City,MI,US,,,,65,69,70,72
High Bridge,NJ,US,,,,62,52,52,72
Verona,PA,US,,,,26,26,25,72
Cudahy,WI,US,,,,,,,72
Menomonie,WI,US,,,,,,59,72
Cornville,AZ,US,,,,,,,71
Indian Wells,AZ,US,,,,,,,71
San Pasqual,CA,US,,,,,,,71
Larkspur,CO,US,,,32,31,31,31,71
Tierra Verde,FL,US,,,,,16,16,71
Ketchum,ID,US,,,20,17,19,45,71
Charleston,PA,US,,,,,,,71
Parowan,UT,US,,,,,,,71
Cape Charles,VA,US,,,,,56,68,71
West Salem,WI,US,,,,,,,71
Pescadero,CA,US,,,,,,,70
Sonoma,CA,US,,,,69,69,74,70
Odessa,FL,US,,35,40,40,42,42,70
Coralville,IA,US,,,,,,,70
Reed City,MI,US,,,,,,60,70
Margate City,NJ,US,,51,51,49,49,48,70
Brooklyn,NY,US,60,64,55,67,,73,70
Grove City,PA,US,,,,,,,70
Boulder Junction,WI,US,59,52,56,50,50,50,70
Sierra Madre,CA,US,,,,,,,69
Weston,CT,US,,,,,,36,69
Navajo,NM,US,,,,,,,69
Gilpin,PA,US,,,,,,,69
Newton Hamilton,PA,US,,19,19,18,18,18,69
Ames,IA,US,40,46,56,62,66,64,68
China,ME,US,,,,,,,68
Ludington,MI,US,,,,,65,63,68
Minneapolis,MN,US,17,35,63,70,71,72,68
Richfield,MN,US,,,12,24,25,53,68
Rushville,NE,US,,,,,,,68
Oberlin,OH,US,,,,67,69,75,68
Lakeside,TX,US,,,7,7,7,9,68
Ravenswood,WV,US,,,,,,,68
Phillips,WI,US,,,,,60,59,68
Pine,AZ,US,,,,,,,67
Forestville,CA,US,,,,,,,67
Aspen,CO,US,,67,67,75,75,74,67
Deer Trail,CO,US,,,55,55,55,59,67
Howell,MI,US,,,,,,52,67
Pentwater,MI,US,,,,43,42,42,67
West Bloomfield,MI,US,,,,31,34,34,67
Newburg,MO,US,,,,37,25,25,67
Havre,MT,US,,,,,,82,67
Fargo,ND,US,52,61,47,48,55,59,67
Grand Forks,ND,US,61,62,57,58,61,59,67
Bluffton,OH,US,,,,76,75,72,67
Oakmont,PA,US,,,,,,,67
Marshfield,WI,US,53,59,59,67,67,67,67
Calistoga,CA,US,,,,,,58,66
Sausalito,CA,US,,,,,43,52,66
South Monrovia Island,CA,US,,,,,,,66
Westmont,CA,US,,,,,,,66
Boulder,CO,US,63,64,69,69,70,70,66
Columbine Valley,CO,US,,,6,6,7,19,66
Ankeny,IA,US,,,68,70,70,65,66
Royalton,KY,US,,,,,,,66
Alpena,MI,US,,,,,47,69,66
Ironwood,MI,US,,,,47,51,51,66
Dillon,MT,US,,,,,,61,66
Whitefish,MT,US,,,,,,53,66
Worthington,OH,US,,,,,,44,66
Lewisburg,PA,US,,,,41,46,46,66
The Woodlands,TX,US,,44,44,39,49,51,66
Seattle,WA,US,49,53,58,64,65,66,66
Evansville,WI,US,,,,,,60,66
Hustisford,WI,US,,,,,71,68,66
La Crosse,WI,US,60,59,60,60,61,65,66
Lake Geneva,WI,US,,54,54,67,67,72,66
Safford,AZ,US,,,,,,53,65
Berkeley,CA,US,70,70,72,71,71,73,65
Gustine,CA,US,,,,56,54,54,65
Keystone,CO,US,,,,,50,49,65
Sterling,CT,US,,,,,,,65
West Des Moines,IA,US,,,50,56,58,57,65
Frostburg,MD,US,,,,,,,65
Hazel Park,MI,US,,,,,,41,65
Oakdale,MN,US,,,32,35,39,41,65
Seabrook Beach,NH,US,,,,,11,11,65
Asbury Park,NJ,US,,44,48,49,58,61,65
Jamestown,PA,US,,,,,49,49,65
Hilton Head Island,SC,US,35,35,34,43,45,45,65
Combine,TX,US,,,23,23,24,24,65
DeCordova,TX,US,,,9,9,9,9,65
Rochester,VT,US,,,,,,,65
Onalaska,WI,US,,,,,,,65
Pinon,AZ,US,,,,,,,64
Rolling Hills Estates,CA,US,,,,,,,64
Sebastopol,CA,US,,,37,49,51,58,64
Manitou Springs,CO,US,,,,59,57,64,64
Acme,MI,US,,,,,,,64
Marlette,MI,US,,,,,,,64
Verdi,NV,US,,,,18,18,15,64
Spring House,PA,US,,,,21,22,24,64
Baraboo,WI,US,,,,61,61,61,64
Deerfield,WI,US,,,,,,,64
Payson,AZ,US,,,,,,58,63
Sedona,AZ,US,,53,53,54,55,73,63
El Cerrito,CA,US,,,55,58,59,59,63
Industry,CA,US,,,,,18,18,63
Laguna Woods,CA,US,,,,13,12,12,63
Susanville,CA,US,,,,,28,30,63
Key West,FL,US,30,59,63,66,68,69,63
Charlevoix,MI,US,,,,,,54,63
Southgate,MI,US,,,,,,45,63
Emigrant,MT,US,,,,,40,36,63
Queens,NY,US,49,55,53,58,,63,63
Phoenixville,PA,US,,16,16,21,21,50,63
Lowry Crossing,TX,US,,,21,22,21,21,63
Wallingford,VT,US,,,,,,,63
Jasper,AL,US,,49,49,48,49,48,62
Wasilla,AK,US,,,,,,53,62
Davis,CA,US,71,70,76,78,78,81,62
Bethalto,IL,US,,,,,42,49,62
Carmel,IN,US,54,55,55,54,55,53,62
Bay City,MI,US,,,,42,44,43,62
DeWitt,MI,US,,,,56,56,55,62
Breinigsville,PA,US,,,,,,,62
Harleysville,PA,US,,34,35,54,50,50,62
Blue Mound,TX,US,,,5,9,12,14,62
Clarksville,VA,US,,,,,20,38,62
Buckley,WA,US,,,,63,63,60,62
Coupeville,WA,US,,,,,64,65,62
Fitchburg,WI,US,33,41,40,42,47,47,62
Valdez,AK,US,,,,,74,71,61
Alameda,CA,US,,,44,46,47,53,61
San Francisco,CA,US,59,60,61,63,64,63,61
Silver Plume,CO,US,,,12,12,14,14,61
Urbandale,IA,US,,,,50,52,52,61
Sault Ste. Marie,MI,US,,,,,55,55,61
Pioche,NV,US,,,,,,,61
Hewitt,NJ,US,,,,15,13,13,61
Kearny,NJ,US,,,,,34,40,61
Keene,NY,US,,,,,,,61
Buffalo,PA,US,,,,,,,61
Lykens,PA,US,,,,,,,61
Berkeley Springs,WV,US,,,,,,,61
Hayward,WI,US,,57,51,58,58,56,61
Hudson,WI,US,,,,54,55,55,61
Orange Beach,AL,US,,,,,,40,60
Carmel-by-the-Sea,CA,US,,,,,54,54,60
Grover Beach,CA,US,44,45,38,45,44,45,60
Irwindale,CA,US,,,,,,,60
Larkspur,CA,US,,,,,45,43,60
Sautee-Nacoochee,GA,US,,,,,,20,60
Spirit Lake,IA,US,,,,,,,60
Grahn,KY,US,,,,,,,60
Iron Mountain,MI,US,,,,,50,51,60
Zeeland,MI,US,,,,53,56,55,60
Caliente,NV,US,,,,,,,60
New Paltz,NY,US,,16,16,16,19,20,60
Mifflinburg,PA,US,,,,60,55,55,60
Talty,TX,US,,,12,13,13,13,60
Stowe,VT,US,,,,46,46,52,60
Lopez Island,WA,US,,,,,,28,60
Clay,WV,US,,,,,38,38,60
Beloit,WI,US,,,,,,,60
Rothschild,WI,US,,,,,,,60
Rehoboth Beach,DE,US,,21,28,33,35,35,59
Clive,IA,US,,,,,,56,59
Nippa,KY,US,,,,,,,59
Chelsea,MI,US,,56,56,50,51,46,59
Hillman,MI,US,,46,52,44,46,46,59
Marquette,MI,US,60,61,61,61,69,70,59
Maple Grove,MN,US,38,41,45,49,50,52,59
Shoreview,MN,US,,,,35,36,36,59
Linwood,NJ,US,,,,,43,45,59
Ocean City,NJ,US,,,,60,70,70,59
Voorhees,NJ,US,,,,,,,59
Ashland,OR,US,,70,70,70,73,73,59
Confluence,PA,US,,,,,41,41,59
Tatamy,PA,US,11,9,9,16,16,16,59
Reno,TX,US,,,9,9,9,9,59
Smithfield,VA,US,,,,,,35,59
Hales Corners,WI,US,38,39,38,40,41,42,59
Hartford,WI,US,,,,,,,59
Kewaskum,WI,US,,,,,,,59
Wisconsin Rapids,WI,US,,,,,57,57,59
Leighton,AL,US,,,,34,37,37,58
Quincy,CA,US,,,,46,46,48,58
Black Hawk,CO,US,,,24,24,19,19,58
Salida,CO,US,,64,64,65,62,61,58
Pine Mountain,GA,US,,,,,25,27,58
Coeur D'Alene,ID,US,7,24,27,45,45,47,58
Aurora,IL,US,10,46,50,49,50,52,58
Mount Prospect,IL,US,,7,8,8,9,37,58
Patten,ME,US,,,,,44,47,58
Richmond,ME,US,,,,,,,58
Groton,MA,US,,,,,27,26,58
Brighton,MI,US,,25,27,28,29,29,58
Cedar Springs,MI,US,,,,,,37,58
Grand Ledge,MI,US,,,,49,50,51,58
Newaygo,MI,US,,,,,,,58
Sandusky,MI,US,,,,,,,58
Hooksett,NH,US,22,19,22,21,22,23,58
Arroyo Seco,NM,US,,,,,,,58
Andover,OH,US,,,,,35,40,58
Drexel Hill,PA,US,,,,,41,41,58
Hatfield,PA,US,,,,,24,22,58
St. Paul,TX,US,,,16,19,21,26,58
Garden City,UT,US,,,,,,,58
Winooski,VT,US,,,,,,30,58
Chippewa Falls,WI,US,,,,,55,57,58
Exeter,WI,US,,,,,,,58
Fairhope,AL,US,,56,56,55,50,47,57
Petersburg,AK,US,,,,62,62,62,57
Citrus,CA,US,,,,,,,57
El Segundo,CA,US,,,,,,,57
Gonzales,CA,US,,,,,,,57
Mill Valley,CA,US,30,35,35,35,36,37,57
Tolland,CT,US,,28,27,22,26,28,57
Hapeville,GA,US,,,7,7,29,29,57
Buckfield,ME,US,,54,49,43,39,42,57
Eden Prairie,MN,US,,,42,43,45,45,57
St. Louis Park,MN,US,16,16,44,52,55,57,57
Box Elder,MT,US,,,,,49,49,57
Helena,MT,US,48,56,56,62,61,60,57
North Haverhill,NH,US,,,,,25,28,57
Warner,NH,US,,,,,33,33,57
Beaver,PA,US,,,,36,34,34,57
Susquehanna Depot,PA,US,,,,,22,23,57
Trappe,PA,US,,,,,33,21,57
Aberdeen,SD,US,53,53,53,54,61,61,57
Escalante,UT,US,,,,,,,57
Beaver Dam,WI,US,,,,,,44,57
Fond du Lac,WI,US,,,52,54,54,53,57
Mazomanie,WI,US,,,,,41,41,57
Milwaukee,WI,US,28,32,35,45,46,50,57
West Bend,WI,US,,,,,50,50,57
Wisconsin Dells,WI,US,,,45,43,44,42,57
Scottsboro,AL,US,,,,,,,56
Juneau,AK,US,35,34,30,34,42,41,56
Aptos,CA,US,33,33,33,28,31,30,56
Healdsburg,CA,US,,48,41,48,59,59,56
North El Monte,CA,US,,,,,,,56
Seaside,CA,US,,60,60,63,60,60,56
St. Helena,CA,US,,,,56,50,47,56
Montrose,CO,US,,7,7,43,42,43,56
Hoffman Estates,IL,US,,17,17,41,43,42,56
Bloomington,IN,US,10,34,36,40,56,58,56
Lincolnville,ME,US,,,,,,,56
Big Rapids,MI,US,,,,44,55,51,56
Grand Haven,MI,US,,,,59,59,59,56
Traverse City,MI,US,61,61,62,63,67,55,56
St. Paul,MN,US,9,42,43,59,61,62,56
Woodbury,MN,US,,,46,46,47,48,56
Elkhorn,NE,US,,,,,,,56
Philmont,NY,US,,,,,29,29,56
Pelican Bay,TX,US,,,8,8,8,8,56
Newbury,VT,US,,,,,,,56
Rutland,VT,US,56,58,60,62,61,61,56
Tunnelton,WV,US,,,,,22,22,56
Hartland,WI,US,,,,,,40,56
Marinette,WI,US,,,,,62,64,56
Stevens Point,WI,US,,49,49,50,52,65,56
Ladera Heights,CA,US,,,,,,,55
Orland,CA,US,,,,44,49,49,55
Twentynine Palms,CA,US,,,,,55,55,55
Walnut Creek,CA,US,,34,36,36,38,38,55
Louisville,CO,US,,50,56,51,52,51,55
Ponte Vedra,FL,US,,25,25,25,26,26,55
Tallulah Falls,GA,US,,,,42,42,42,55
Lebanon,IL,US,,60,60,60,47,47,55
Mundelein,IL,US,,25,35,38,44,44,55
Borden,IN,US,,,,,,,55
Iowa City,IA,US,38,49,46,43,44,44,55
Bath,ME,US,,,,,,,55
Fryeburg,ME,US,,,,46,44,45,55
Mattapoisett Center,MA,US,,,,,28,44,55
Detroit,MI,US,41,41,42,42,43,43,55
Muskegon,MI,US,,,61,41,43,48,55
Thompsonville,MI,US,,,,70,77,56,55
Esko,MN,US,,,,,,,55
Columbia Falls,MT,US,,,,,,,55
Libby,MT,US,,,,43,43,43,55
North Wildwood,NJ,US,35,47,56,56,56,60,55
Stuyvesant,NY,US,,13,13,13,11,11,55
Mandan,ND,US,,,,,,42,55
Lorain,OH,US,,,,,,,55
Portland,OR,US,49,51,55,58,59,61,55
Bloomsburg,PA,US,,,,,58,58,55
Mitchell,SD,US,,,,,51,52,55
Dalworthington Gardens,TX,US,,,9,10,10,10,55
Bridgewater,VA,US,,,,,32,32,55
Keezletown,VA,US,,,,,12,11,55
Blaine,WA,US,,,,34,34,31,55
Glencoe,AL,US,,,,33,31,30,54
Austin,AR,US,,,,,,,54
East Whittier,CA,US,,,,,,,54
Manhattan Beach,CA,US,,52,51,50,52,48,54
Westwood,CA,US,,,,,,,54
Bennett,CO,US,,,24,25,28,30,54
Garden City,CO,US,,,4,5,11,11,54
Mancelona,MI,US,,,,,,,54
Rockford,MI,US,,,,55,56,57,54
Waterford,MI,US,,,,,,,54
Cottleville,MO,US,,,,,,,54
New Brunswick,NJ,US,,41,41,41,44,45,54
Hudson,NY,US,,,,,19,19,54
Athens,OH,US,49,49,52,61,63,63,54
Philadelphia,PA,US,43,47,48,57,58,59,54
Annetta,TX,US,,,20,23,17,15,54
Fairview,TX,US,,,15,28,28,29,54
Providence Village,TX,US,,,16,24,31,32,54
Salt Lake City,UT,US,46,42,44,50,52,62,54
Santaquin,UT,US,,,50,40,40,47,54
South Burlington,VT,US,34,35,37,39,40,42,54
Falls Church,VA,US,,39,39,40,40,40,54
Hardy,VA,US,,,,,,,54
Anacortes,WA,US,,,,,,,54
Green Bay,WI,US,40,38,38,40,40,40,54
Manitowoc,WI,US,,,,,47,49,54
Oregon,WI,US,,,,,,54,54
Beverly Hills,CA,US,,,37,37,39,39,53
Bonita,CA,US,,13,15,13,15,16,53
Monrovia,CA,US,,,,,,,53
San Luis Obispo,CA,US,62,63,62,63,63,66,53
Sunnyside-Tahoe City,CA,US,,,,50,48,42,53
Vernon,CA,US,,,,,,,53
Decorah,IA,US,,,,,51,51,53
Galena,MD,US,,,,,,,53
Pontiac,MI,US,,,,28,32,34,53
Elizabeth,NJ,US,,37,37,41,45,44,53
Folsom,NJ,US,,,,,27,22,53
Kenilworth,NJ,US,,,,,41,39,53
Jamestown,ND,US,,,,,,42,53
Canfield,OH,US,,,,40,43,41,53
Dublin,OH,US,46,34,36,44,43,38,53
Mason,OH,US,,,,,,35,53
Troy,OH,US,45,45,44,48,46,46,53
Providence,PA,US,,,,,,,53
Sadsburyville,PA,US,,,,,8,7,53
Lamar,TX,US,,29,29,30,30,30,53
Park City,UT,US,,34,33,48,48,61,53
Gilman,VT,US,,,,,,,53
Fairfax,VA,US,,46,48,46,46,46,53
Stafford,VA,US,27,32,32,33,38,39,53
Genoa City,WI,US,,,,,,55,53
Spooner,WI,US,,,,,,,53
Hoover,AL,US,20,21,21,22,24,24,52
Alamo,CA,US,,27,30,30,31,30,52
Bishop,CA,US,,,,,,,52
Midway City,CA,US,,,,,,,52
Broomfield,CO,US,,26,48,46,47,48,52
Golden,CO,US,21,23,23,48,51,50,52
Lawrence,KS,US,19,40,42,41,43,52,52
Boyne City,MI,US,,,,,58,43,52
Portland,MI,US,,,,,,,52
Walled Lake,MI,US,28,27,33,24,33,33,52
New Hampton,NH,US,,,,,,17,52
Westfield,NJ,US,,,40,40,49,48,52
Kinderhook,NY,US,,,,,,,52
Shandaken,NY,US,,,,,,,52
The Bronx,NY,US,33,42,44,44,,50,52
Grandview Heights,OH,US,,,25,24,26,24,52
Shaker Heights,OH,US,,,,31,32,42,52
Cleona,PA,US,,,,,10,10,52
Lansdowne,PA,US,,,,36,37,37,52
Slatington,PA,US,,,,35,32,31,52
Bluffdale,UT,US,,,,,,,52
Kearns,UT,US,,,,,,,52
Liberty,UT,US,,,,22,23,23,52
North Bend,WA,US,,,,,41,46,52
Marlinton,WV,US,,,,,,,52
Madison,WI,US,50,51,55,58,60,61,52
Homer,AK,US,,,,,,,51
Chico,CA,US,44,47,47,48,51,57,51
Danville,CA,US,,32,33,36,37,37,51
Half Moon Bay,CA,US,,,,49,51,51,51
Dover,ID,US,,,,,9,9,51
Oswego,IL,US,,,36,38,37,37,51
West Lafayette,IN,US,,,,47,47,52,51
Bettendorf,IA,US,34,38,45,46,47,47,51
Pella,IA,US,,60,60,44,47,54,51
Leonardtown,MD,US,,,,,,,51
Orleans,MA,US,,,,,44,44,51
Ann Arbor,MI,US,40,38,36,45,46,45,51
Redford,MI,US,,,,,,,51
Knob Noster,MO,US,,,,51,51,51,51
Lame Deer,MT,US,,,,,33,33,51
Hampton Beach,NH,US,,,,,17,17,51
Atlantic Highlands,NJ,US,,,,52,53,53,51
Chester,NJ,US,,,,,40,38,51
Hackettstown,NJ,US,,,,36,42,31,51
Portsmouth,OH,US,,,,,60,62,51
Spearfish,SD,US,,,,40,40,40,51
Aubrey,TX,US,,,20,17,16,17,51
Shady Shores,TX,US,,,10,10,12,12,51
Ivins,UT,US,,,,,,,51
Killington,VT,US,,,,,,,51
Port Townsend,WA,US,58,60,60,65,70,68,51
Boscobel,WI,US,,,,,53,53,51
Darlington,WI,US,,,,,,,51
Delafield,WI,US,,,,29,29,29,51
Monona,WI,US,,,,59,64,63,51
Wilson,WY,US,,,,,,38,51
Fayette,AL,US,,,,,65,65,50
Gulf Shores,AL,US,,,,29,36,36,50
Bentonville,AR,US,41,46,43,42,43,46,50
Belmont,CA,US,,,,,,38,50
San Fernando,CA,US,,,,,,26,50
Westlake Village,CA,US,26,27,24,24,27,22,50
Morrison,CO,US,,,39,32,32,32,50
St. Simons,GA,US,,,,37,42,52,50
Lahaina,HI,US,,,,44,44,45,50
Galena,IL,US,,25,25,18,18,55,50
Lewisburg,KY,US,,,39,41,41,41,50
Salyersville,KY,US,,,,,23,24,50
Lusby,MD,US,,,,,,14,50
Cambridge,MA,US,36,49,52,72,72,68,50
Sturbridge,MA,US,,,,,18,18,50
Battle Creek,MI,US,,,,38,42,40,50
Jackson,MI,US,,,,37,46,51,50
Edgewater,NJ,US,,18,18,23,26,26,50
Maurice River,NJ,US,,,,,,,50
Millburn,NJ,US,,27,31,31,28,29,50
Centerville,OH,US,27,27,28,32,34,34,50
Stow,OH,US,,,34,40,40,42,50
Skiatook,OK,US,,,,,,,50
Mosier,OR,US,,,,,,,50
State College,PA,US,53,51,52,50,52,51,50
Enumclaw,WA,US,,,,,,43,50
East Troy,WI,US,,,,,56,56,50
Gibraltar,WI,US,,,35,36,36,36,50
Middleton,WI,US,,,,39,48,48,50
Racine,WI,US,38,38,40,40,41,41,50
Vestavia Hills,AL,US,,,,,,29,49
Topawa,AZ,US,,,,,,,49
Bella Vista,AR,US,40,45,46,38,40,44,49
Fayetteville,AR,US,39,42,46,49,50,51,49
Albany,CA,US,,,,60,60,60,49
Big Bear Lake,CA,US,,,,33,38,37,49
Crockett,CA,US,,,,,22,23,49
East Palo Alto,CA,US,,,27,29,32,36,49
Merced,CA,US,,,,,,40,49
Portola,CA,US,,,,,,,49
Sanger,CA,US,,,,,56,50,49
Tiburon,CA,US,,,,,,,49
Hiram,GA,US,,,11,11,16,16,49
Oxford,GA,US,,,9,7,7,8,49
Kaunakakai,HI,US,,,,50,50,48,49
Brookfield,IL,US,,,,,,,49
Campton,KY,US,,,,,32,32,49
Yarmouth,ME,US,,,,,,,49
Middleton,MA,US,,,,,,,49
Buchanan,MI,US,,,,50,53,51,49
Holton,MI,US,,,,,,,49
Chanhassen,MN,US,,31,31,29,29,30,49
Lee's Summit,MO,US,30,29,30,29,29,29,49
Smithville,MO,US,,,,25,26,31,49
Kalispell,MT,US,35,45,54,38,39,39,49
Papillion,NE,US,38,37,37,36,43,44,49
Bethlehem,NH,US,,,,,,,49
East Merrimack,NH,US,,,19,19,20,21,49
Lebanon,NH,US,,18,34,32,37,38,49
Bordentown,NJ,US,,,,,,25,49
Plainfield,NJ,US,,61,61,57,57,56,49
Staten Island,NY,US,33,34,39,40,,48,49
Leland,NC,US,,,,15,14,17,49
Cuyahoga Falls,OH,US,,,27,29,30,34,49
Gahanna,OH,US,31,24,24,28,28,29,49
Willoughby,OH,US,,,,,,27,49
Klamath Falls,OR,US,23,23,23,31,31,32,49
Camp Hill,PA,US,,,33,28,29,30,49
Garrett,PA,US,,,,,,32,49
Harveys Lake,PA,US,,,,,25,19,49
Hulmeville,PA,US,,,,,4,4,49
Sharon,PA,US,,,,,,,49
Wayne,PA,US,,38,39,43,43,45,49
Hendersonville,TN,US,,,,28,29,28,49
Aurora,TX,US,,,28,27,22,22,49
Northlake,TX,US,,,22,22,22,22,49
Milton,VT,US,,,,,,,49
Vienna,VA,US,27,32,31,33,34,36,49
Eau Claire,WI,US,43,41,45,48,51,50,49
Menomonee Falls,WI,US,41,41,41,38,38,38,49
Platteville,WI,US,,,,,61,64,49
River Falls,WI,US,,,,46,46,46,49
Sheboygan,WI,US,,,48,58,58,58,49
Chinle,AZ,US,,,,,,,48
Calabasas,CA,US,,,,,,,48
Coronado,CA,US,,,,44,45,45,48
Menlo Park,CA,US,,,29,44,47,51,48
Palos Verdes Estates,CA,US,,,,,,,48
San Carlos,CA,US,,,,36,38,38,48
Santa Barbara,CA,US,38,36,45,46,48,49,48
Selma,CA,US,,,,,37,37,48
Valley Springs,CA,US,,23,18,18,18,19,48
Cherry Hills Village,CO,US,,,17,20,21,19,48
Washington,DC,US,38,39,46,44,46,52,48
Cape Canaveral,FL,US,,,,26,29,30,48
Miami Beach,FL,US,,,,47,47,48,48
Parkland,FL,US,,,,28,28,29,48
Peachtree City,GA,US,19,20,20,41,48,50,48
Cedar Falls,IA,US,,44,49,50,51,52,48
Boxford,MA,US,,,,,23,23,48
Townsend,MA,US,,,,,34,34,48
Wareham,MA,US,,,,,,,48
Wareham Center,MA,US,,,,,14,18,48
Cadillac,MI,US,,,,55,58,60,48
Yazoo City,MS,US,,,,,45,45,48
Poplar Bluff,MO,US,,,,,42,42,48
Missoula,MT,US,26,48,48,48,47,47,48
Eastampton Township,NJ,US,,,,,,,48
Union City,NJ,US,,,,,,38,48
Manhattan,NY,US,48,55,43,43,,51,48
Watford City,ND,US,,,,,82,82,48
Alliance,OH,US,,,35,40,43,43,48
Avon Lake,OH,US,,,,35,38,38,48
Loveland,OH,US,,,,,31,31,48
Corvallis,OR,US,30,37,58,66,70,71,48
Emlenton,PA,US,,,,,,,48
Morrisville,PA,US,,,,,,,48
Rapid City,SD,US,32,34,35,42,49,49,48
Cross Roads,TX,US,,,14,14,14,15,48
Thomas,WV,US,,,,,37,37,48
Pewaukee,WI,US,,,,,,,48
Verona,WI,US,,,,,,60,48
Trussville,AL,US,,18,18,17,24,23,47
Rock Point,AZ,US,,,,,,,47
Mammoth Lakes,CA,US,,,,,,,47
South San Francisco,CA,US,,,,,,32,47
Denver,CO,US,37,35,42,44,46,47,47
Johns Creek,GA,US,,,23,23,31,31,47
Fishers,IN,US,21,21,28,35,37,36,47
Orono,ME,US,34,34,29,29,27,37,47
Columbia,MD,US,15,18,20,35,37,35,47
Groveland,MA,US,,,,,,,47
Hopkinton,MA,US,,,,23,23,24,47
Oak Bluffs,MA,US,,,,,12,52,47
Frankenmuth,MI,US,,,,56,60,59,47
Harbor Springs,MI,US,,,,,92,63,47
Northville,MI,US,,44,44,33,33,33,47
Novi,MI,US,,,,,30,29,47
Chaska,MN,US,,,,,,31,47
Eagan,MN,US,,,44,43,43,43,47
Mendota Heights,MN,US,,,,,28,28,47
Rochester,MN,US,33,36,32,38,39,39,47
University City,MO,US,,,,,,,47
Montclair,NJ,US,,,,,,,47
Swedesboro,NJ,US,,,,,,10,47
Trenton,NJ,US,27,35,36,37,38,39,47
New Albany,OH,US,,,24,31,32,32,47
Ardmore,PA,US,,46,47,41,45,49,47
Deadwood,SD,US,,,,,,33,47
Addison,TX,US,,,18,19,19,23,47
South Weber,UT,US,,,,,,,47
Arlington,VA,US,51,55,56,54,53,55,47
Chantilly,VA,US,,,,26,33,35,47
Spokane,WA,US,32,32,34,42,41,43,47
Huntington,WV,US,36,37,41,41,42,45,47
Oconomowoc,WI,US,,,,,,46,47
Reedsburg,WI,US,,,,,43,51,47
Wausau,WI,US,35,35,36,36,37,37,47
Gurley,AL,US,,,,,,,46
Madison,AL,US,,37,37,36,38,38,46
Flagstaff,AZ,US,,42,43,43,44,41,46
Prescott,AZ,US,,,,37,37,37,46
San Luis,AZ,US,,30,36,33,34,35,46
Blue Lake,CA,US,,,,,35,35,46
Crestline,CA,US,,,,43,43,39,46
Diamond Bar,CA,US,,,,,26,26,46
Valinda,CA,US,,,,,,,46
Morgan City,LA,US,,,,49,45,45,46
Ellsworth,ME,US,,,,,,26,46
Kittery,ME,US,,,,21,23,27,46
York Harbor,ME,US,,,,,32,31,46
Baltimore,MD,US,24,14,30,32,33,41,46
Gambrills,MD,US,,,15,14,14,14,46
Brewster,MA,US,,,,,,26,46
Grosse Pointe Woods,MI,US,,,,44,44,44,46
Houghton,MI,US,,,,,,,46
New Buffalo,MI,US,,,,,32,59,46
Wakefield,MI,US,,,,,,49,46
Carmel,NY,US,,,,,24,25,46
Cambridge,OH,US,,,,,,,46
Westerville,OH,US,28,25,25,28,30,33,46
Eugene,OR,US,33,36,37,36,39,44,46
Altoona,PA,US,,,,36,37,37,46
Bala Cynwyd,PA,US,,,,,,,46
Douglassville,PA,US,,,,,,,46
Northampton,PA,US,,,,,32,34,46
Pottstown,PA,US,,18,24,28,28,34,46
Sharpsburg,PA,US,,,,,,,46
McLendon-Chisholm,TX,US,,,14,11,11,14,46
Ponder,TX,US,,,35,35,32,32,46
Sunnyvale,TX,US,,,9,18,19,19,46
Helper,UT,US,,,,,,,46
Payson,UT,US,,,,,,,46
Saratoga Springs,UT,US,,,,25,26,26,46
Burke,VA,US,19,20,22,26,27,27,46
Chester,VA,US,,,,,28,27,46
Camano,WA,US,,,,,,27,46
Maple Valley,WA,US,,,,,,43,46
Combined Locks,WI,US,,,,21,21,24,46
Wauwatosa,WI,US,,,,44,44,45,46
West Allis,WI,US,,,,37,39,40,46
Bridgeport,AL,US,,,,,,,45
Florence,AZ,US,,39,30,36,41,40,45
Stanfield,AZ,US,,,,,,,45
Hawaiian Gardens,CA,US,,,,,,,45
Hawthorne,CA,US,,,,,,,45
Malibu,CA,US,,,,,,,45
Morro Bay,CA,US,27,28,34,34,38,39,45
Palo Alto,CA,US,44,45,49,54,55,56,45
Redwood City,CA,US,33,35,39,40,41,40,45
South Gate,CA,US,,,,,,,45
Thornton,CO,US,11,35,41,41,42,42,45
Wilmington,DE,US,37,38,38,43,43,42,45
Nashville,IN,US,,,,,26,24,45
Overland Park,KS,US,15,33,32,37,41,41,45
Gardiner,ME,US,,,,,44,46,45
Bethesda,MD,US,10,11,26,40,36,41,45
Ayer,MA,US,,,,11,11,28,45
Dearborn,MI,US,,,,36,36,37,45
Midland,MI,US,,,,48,49,50,45
Butte,MT,US,33,30,30,30,37,43,45
Lincoln,NE,US,29,31,32,36,39,39,45
Elko,NV,US,,,,,,47,45
Ridgewood,NJ,US,,33,33,32,32,35,45
Cornwall-on-Hudson,NY,US,,,,,22,22,45
Bismarck,ND,US,35,39,37,40,41,41,45
Cleveland Heights,OH,US,,,,31,31,38,45
Delaware,OH,US,29,35,39,37,40,40,45
Marietta,OH,US,,,,,,41,45
Rockaway Beach,OR,US,,,,,42,49,45
Warm Springs,OR,US,,,,,,,45
Erie,PA,US,23,38,40,41,41,42,45
Etna,PA,US,,,,,,,45
Rimersburg,PA,US,,,,,,,45
South Bethlehem,PA,US,,,,,13,13,45
Mount Juliet,TN,US,,,21,23,23,22,45
Panguitch,UT,US,,,,,,,45
Smithfield,UT,US,,,,,,54,45
Syracuse,UT,US,,,,,39,41,45
Bennington,VT,US,,,,,57,55,45
Radford,VA,US,,,,,,53,45
Sumner,WA,US,,,,,48,48,45
Morgantown,WV,US,23,23,35,30,32,35,45
Janesville,WI,US,33,35,35,40,42,39,45
Oshkosh,WI,US,,32,34,35,37,37,45
Tolleson,AZ,US,,,,,27,27,44
Agoura Hills,CA,US,,,,35,40,36,44
Galt,CA,US,,,42,46,46,46,44
La Habra Heights,CA,US,,,,,,,44
Marina,CA,US,,,,,46,47,44
Truckee,CA,US,,44,41,41,39,41,44
Silverthorne,CO,US,,,,28,28,31,44
Danielson,CT,US,,,,,,,44
Middletown,DE,US,35,36,36,37,37,37,44
Newark,DE,US,23,23,25,32,34,36,44
Berkeley Lake,GA,US,,,26,11,13,12,44
Willow Springs,IL,US,,,,,,12,44
Newburgh,IN,US,,,,,,13,44
Council Bluffs,IA,US,,29,30,38,44,41,44
Lenexa,KS,US,30,33,34,33,38,38,44
Scarborough,ME,US,,23,17,24,26,26,44
Clarksburg,MD,US,,,,,28,28,44
Dundalk,MD,US,,,,,23,33,44
Stevensville,MD,US,,,,,27,27,44
Dover,MA,US,,,,,11,11,44
Okemos,MI,US,,,,24,25,26,44
Royal Oak,MI,US,,,37,39,40,40,44
Troy,MI,US,,19,17,24,25,24,44
Boyle,MS,US,,,,,,,44
Wildwood,MO,US,,,,22,22,22,44
West Yellowstone,MT,US,,,,,,40,44
Chapel Hill,NC,US,32,32,32,34,36,37,44
Wrightsville Beach,NC,US,,,,26,28,28,44
Dickinson,ND,US,,,,,41,41,44
Kettering,OH,US,,23,33,35,37,32,44
Tahlequah,OK,US,,,,49,43,42,44
Chester,PA,US,,,,,,,44
McMurray,PA,US,,,,22,22,23,44
Wellsboro,PA,US,,,,,31,36,44
Westmont,PA,US,,,,,21,21,44
Yardley,PA,US,,,,,49,49,44
Jamestown,RI,US,,,,,,,44
Hollywood,SC,US,,,,,,,44
Whitewood,SD,US,,,,52,52,52,44
Yankton,SD,US,,,44,43,43,44,44
Essex Junction,VT,US,,,,,,36,44
Lyndonville,VT,US,,,,,,,44
Blacksburg,VA,US,37,37,37,42,44,50,44
Fredericksburg,VA,US,,21,29,31,34,33,44
Port Angeles,WA,US,,,,40,41,41,44
Port Orchard,WA,US,,,,21,22,20,44
Martinsburg,WV,US,,,,,35,34,44
Fox Point,WI,US,,,,,,40,44
Kenosha,WI,US,,31,31,38,39,38,44
Oconto,WI,US,,,,46,46,46,44
Prattville,AL,US,,,,,,,43
Slocomb,AL,US,,,,,36,36,43
Cudahy,CA,US,,,,,,,43
East San Gabriel,CA,US,,,,,,,43
Goleta,CA,US,33,32,33,34,36,36,43
Imperial Beach,CA,US,36,40,42,38,39,43,43
Lennox,CA,US,,,,,,,43
Marina del Rey,CA,US,,,,,,,43
Scotts Valley,CA,US,35,34,34,34,37,37,43
Colorado Springs,CO,US,30,34,35,38,40,38,43
Edwards,CO,US,,,,,27,28,43
Estes Park,CO,US,,,,25,25,30,43
Mead,CO,US,,,14,16,16,16,43
Mystic,CT,US,,19,24,25,28,27,43
Newtown,CT,US,,,,24,24,24,43
Whitesburg,GA,US,,,,,33,33,43
Chester,MD,US,,,16,16,23,25,43
Crofton,MD,US,,23,23,25,27,27,43
West Ocean City,MD,US,,,,,15,14,43
Norton,MA,US,,,,,,,43
Grandville,MI,US,,,,42,47,50,43
Holt,MI,US,,,,27,31,29,43
Ionia,MI,US,,,,,36,31,43
Kalamazoo,MI,US,34,35,36,30,36,33,43
Livonia,MI,US,33,32,32,37,38,36,43
Southfield,MI,US,,16,19,24,27,28,43
Sumrall,MS,US,,,,,36,34,43
Great Falls,MT,US,35,32,36,36,36,36,43
Omaha,NE,US,31,31,32,32,36,36,43
Medina,OH,US,,,,,36,37,43
Kingston,OK,US,,,,,,,43
Muskogee,OK,US,,,,25,28,30,43
Cascade Locks,OR,US,,,,,49,48,43
Aston,PA,US,,,,,,,43
Carlisle,PA,US,34,39,39,35,34,37,43
Sturgis,SD,US,,37,41,36,35,37,43
Hickory Creek,TX,US,,,13,14,17,17,43
Kempner,TX,US,,,,25,24,24,43
Lehi,UT,US,,,28,30,31,31,43
Burlington,VT,US,53,52,64,61,63,61,43
Purcellville,VA,US,,,,,,36,43
Roanoke,VA,US,18,18,19,25,30,34,43
Williamsburg,VA,US,27,27,27,38,39,39,43
Leavenworth,WA,US,,,,,,43,43
Buckhannon,WV,US,37,25,25,22,26,27,43
Fall River,WI,US,,,,,,,43
Fairbanks,AK,US,23,24,26,26,28,27,42
Benson,AZ,US,,,,33,31,31,42
Rogers,AR,US,33,33,35,30,34,38,42
Burlingame,CA,US,36,35,38,38,39,41,42
Inglewood,CA,US,,,,,,,42
Petaluma,CA,US,,37,45,43,44,44,42
Sonora,CA,US,,,,24,26,31,42
West Puente Valley,CA,US,,,,,,,42
Killingly,CT,US,,,,,,,42
Claymont,DE,US,,,,,22,25,42
Lewes,DE,US,,22,23,27,32,33,42
Alafaya,FL,US,,,26,26,28,28,42
Tampa,FL,US,13,13,13,15,16,30,42
Cumming,GA,US,,,,,24,26,42
Tyrone,GA,US,,,13,13,26,23,42
Oxford,MD,US,,,,,,,42
Bedford,MA,US,35,38,38,34,35,36,42
Manistee,MI,US,,,,,,39,42
Romeo,MI,US,,,,39,40,51,42
Prior Lake,MN,US,,,,34,41,42,42
Ridgeland,MS,US,20,22,23,23,28,29,42
Maplewood,MO,US,,,,,,,42
East Hanover,NJ,US,,,,19,16,19,42
Los Alamos,NM,US,,,,23,23,23,42
Kingston,NY,US,10,11,11,13,15,14,42
Lancaster,OH,US,,,,40,50,34,42
Perrysburg,OH,US,,,,,,33,42
Reminderville,OH,US,,,,32,33,35,42
Vandalia,OH,US,,,,26,31,29,42
Mannford,OK,US,,,,,,,42
Bartonville,TX,US,,,24,24,27,30,42
Coppell,TX,US,,9,14,31,32,31,42
Tappahannock,VA,US,,,,,,36,42
Bainbridge Island,WA,US,,,,28,29,28,42
Mercer Island,WA,US,,,,,38,43,42
Sedro-Woolley,WA,US,,,,,36,41,42
Nogales,AZ,US,,,,29,29,29,41
Tucson,AZ,US,31,30,33,38,39,38,41
Lawndale,CA,US,,,,,,,41
Mountain View,CA,US,,,29,31,33,35,41
Pacifica,CA,US,,,,31,31,32,41
Penngrove,CA,US,,,7,8,10,10,41
Rohnert Park,CA,US,,,46,47,50,50,41
Santa Monica,CA,US,49,50,49,60,61,61,41
Simsbury,CT,US,,30,34,30,30,31,41
Lake Mary,FL,US,,14,15,16,17,18,41
Virginia Gardens,FL,US,,,,6,6,6,41
Dawsonville,GA,US,,,,,,31,41
Waimea,HI,US,,,,,30,28,41
Evanston,IL,US,7,32,33,38,41,43,41
Zionsville,IN,US,,,,,,,41
Des Moines,IA,US,31,30,32,32,34,36,41
Elk Run Heights,IA,US,,,,17,17,17,41
Hudson,IA,US,,,,,,,41
Mandeville,LA,US,,21,21,29,30,30,41
Brimfield,MA,US,,,,,,,41
Sandwich,MA,US,,,,,11,11,41
Birmingham,MI,US,,,,,,33,41
Holland,MI,US,,,39,37,41,42,41
Lansing,MI,US,30,31,36,37,38,38,41
Portage,MI,US,,43,44,44,46,45,41
Aitkin,MN,US,,,,,23,15,41
Andover,MN,US,,,,,26,27,41
Lakeville,MN,US,,,,35,36,36,41
Columbia,MO,US,36,36,37,36,39,39,41
Bozeman,MT,US,51,54,52,49,47,47,41
Camden,NJ,US,30,30,30,24,33,35,41
Delran,NJ,US,,,,,,,41
Linden,NJ,US,,,,,,,41
Princeton,NJ,US,,,44,28,33,33,41
Rutherford,NJ,US,,,,,,28,41
Moncure,NC,US,,,,,,,41
Kent,OH,US,,,32,38,39,39,41
Norwalk,OH,US,,,,,40,39,41
Youngstown,OH,US,21,26,26,29,30,30,41
Cave Junction,OR,US,,,,,,55,41
Allentown,PA,US,,23,23,29,35,31,41
Delmont,PA,US,,,,22,19,19,41
Warren,PA,US,33,28,33,35,35,35,41
Washington,UT,US,,,,,,,41
Newport,VT,US,,,,,,,41
Ashland,VA,US,,,,,,,41
Springfield,VA,US,24,26,26,29,32,33,41
Gig Harbor,WA,US,,,,20,21,22,41
Lynnwood,WA,US,,,33,36,38,40,41
Tacoma,WA,US,32,33,34,33,34,39,41
Harpers Ferry,WV,US,,,,,,20,41
Waterloo,WI,US,41,41,42,42,42,42,41
Watertown,WI,US,,33,34,38,38,37,41
Pelham,AL,US,,28,28,28,26,25,40
Lakeside,AZ,US,,,,,,,40
Oro Valley,AZ,US,,,,38,40,42,40
Buellton,CA,US,45,46,33,28,31,41,40
Corte Madera,CA,US,,31,32,34,35,34,40
Groveland,CA,US,,,,52,52,52,40
Jurupa Valley,CA,US,,,,,,29,40
La Puente,CA,US,,,,,,,40
Lompoc,CA,US,58,63,60,58,59,61,40
Richmond,CA,US,,,27,29,30,30,40
Solana Beach,CA,US,,29,26,30,32,38,40
Avon,CO,US,,,27,26,25,27,40
Estero,FL,US,20,19,19,14,16,16,40
Key Largo,FL,US,,,,,,,40
Pensacola,FL,US,24,26,24,23,29,29,40
Dahlonega,GA,US,,,,23,28,27,40
Hamilton,GA,US,,,,,,33,40
White,GA,US,,,,,34,34,40
Woodstock,GA,US,,,16,17,23,23,40
Whiting,IN,US,,,,,34,44,40
Dubuque,IA,US,16,27,33,34,35,36,40
Ruston,LA,US,,,,24,46,39,40
Gorham,ME,US,,,,,27,31,40
Topsham,ME,US,,,,,,,40
Damascus,MD,US,,,32,34,35,35,40
Belmont,MA,US,,,,,8,25,40
Georgetown,MA,US,,,,,,,40
Grand Rapids,MI,US,18,18,21,26,30,32,40
Pittsfield Charter Township,MI,US,24,24,24,22,23,23,40
St. Joseph,MI,US,,,,,,,40
Taylor,MI,US,,25,26,27,29,29,40
Minnetonka,MN,US,,23,25,27,28,31,40
Tupelo,MS,US,34,34,34,29,29,30,40
Hazelwood,MO,US,,,,,,,40
St. Louis,MO,US,32,33,34,36,36,38,40
St. Peters,MO,US,,,,27,28,31,40
Incline Village,NV,US,,,,,36,36,40
Flemington,NJ,US,,,,,36,36,40
Cleveland,OH,US,23,23,26,29,31,37,40
Dayton,OH,US,25,28,28,28,29,28,40
West Chester,OH,US,,,22,24,25,25,40
Durant,OK,US,,,,,,37,40
Cottage Grove,OR,US,,,,,,,40
Scranton,PA,US,22,23,23,27,31,32,40
Warminster,PA,US,,26,23,23,25,25,40
New Shoreham,RI,US,,,,,43,42,40
Dayton,TN,US,,,,,,30,40
Flower Mound,TX,US,,12,17,34,34,30,40
Heath,TX,US,,,15,25,25,23,40
Lavon,TX,US,,,25,25,23,23,40
Clearfield,UT,US,,,,27,29,30,40
Highland,UT,US,,24,27,26,26,26,40
Lorton,VA,US,,,,,39,39,40
Arlington,WA,US,,,,,34,36,40
Bellingham,WA,US,35,39,42,42,42,47,40
Edmonds,WA,US,,,,27,33,34,40
Fort Atkinson,WI,US,,37,39,39,39,38,40
Franklin,WI,US,,,,26,26,26,40
Gillette,WY,US,14,14,22,27,27,28,40
Buckeye,AZ,US,,27,27,27,28,25,39
Bullhead City,AZ,US,,,,,,,39
Marana,AZ,US,,,28,28,29,30,39
Bell Gardens,CA,US,,,,,25,22,39
Burbank,CA,US,,,,28,33,36,39
Compton,CA,US,,,,,,,39
Fairfax,CA,US,,,,,45,45,39
Fremont,CA,US,17,17,17,20,24,22,39
Oakland,CA,US,32,32,34,40,45,45,39
Rancho Mirage,CA,US,,,,,19,19,39
Rancho Palos Verdes,CA,US,,,,,,22,39
San Bruno,CA,US,,,23,23,25,26,39
Santa Clarita,CA,US,,30,30,31,35,34,39
Walnut Park,CA,US,,,,,,,39
West Sacramento,CA,US,,,,,25,25,39
Fort Collins,CO,US,55,56,49,49,54,55,39
Foxfield,CO,US,,,13,14,14,14,39
Avon,CT,US,,,,,,,39
Glastonbury Center,CT,US,,,,,21,19,39
Old Saybrook,CT,US,,19,33,31,31,22,39
Vernon,CT,US,,24,20,20,25,25,39
Weston,FL,US,,,,28,28,28,39
Grayson,GA,US,,21,21,19,26,26,39
Garden City,ID,US,,,,,,,39
Middlebury,IN,US,,,,,,,39
Winona Lake,IN,US,,,,,17,18,39
Englewood,KS,US,,,,,18,18,39
Reserve,LA,US,,,,,18,21,39
Brunswick,ME,US,,,,,,21,39
Farmington,ME,US,,,,,41,35,39
Old Orchard Beach,ME,US,,,,22,27,26,39
Mount Rainier,MD,US,,,,,,,39
St. Michael's,MD,US,,,,,,,39
Holbrook,MA,US,,13,13,13,13,13,39
Williamstown,MA,US,,,,,21,30,39
Farmington Hills,MI,US,,21,19,23,26,26,39
Hamburg,MI,US,,30,30,24,23,22,39
Ishpeming,MI,US,,,,,,,39
Kentwood,MI,US,,,,27,33,32,39
Port Huron,MI,US,,,,,,,39
Hopkins,MN,US,,,,23,26,34,39
New Brighton,MN,US,,,,20,18,36,39
Ramsey,MN,US,,,,,36,32,39
Vadnais Heights,MN,US,,,,,24,29,39
Rolla,MO,US,,,,,33,33,39
Summerlin South,NV,US,,,,,19,20,39
Plymouth,NH,US,,,,,21,25,39
Pawling,NY,US,,,,,,16,39
Cary,NC,US,20,33,33,33,35,34,39
Hillsborough,NC,US,,,,,20,20,39
Minot,ND,US,,,,26,27,30,39
Bowling Green,OH,US,,,,32,35,35,39
Dover,OH,US,,,,,,,39
Miamisburg,OH,US,,,,25,28,28,39
New Philadelphia,OH,US,,,,31,32,35,39
North Canton,OH,US,,,,25,25,25,39
Oxford,OH,US,,42,35,44,45,45,39
Cornelius,OR,US,,,,,34,37,39
Forest Grove,OR,US,,,,,33,34,39
Turner,OR,US,,,,,,,39
Harrisburg,PA,US,14,14,16,27,29,29,39
Hummelstown,PA,US,,10,10,8,12,12,39
Quakertown,PA,US,,,,,28,29,39
Somerset,PA,US,,,,32,34,36,39
Brookings,SD,US,26,26,26,26,29,31,39
Lead,SD,US,,,,,28,28,39
Aledo,TX,US,,,30,30,31,31,39
Josephine,TX,US,,,20,21,21,21,39
Holladay,UT,US,,,,26,33,29,39
Hurricane,UT,US,,,,,,,39
Riverton,UT,US,,,,,,,39
St. George,UT,US,,33,34,31,32,33,39
Montpelier,VT,US,20,23,22,18,25,25,39
Christiansburg,VA,US,,28,26,24,24,28,39
Crewe,VA,US,,,,,25,24,39
Moneta,VA,US,,,,,,,39
Pullman,WA,US,,47,47,40,44,45,39
Woodinville,WA,US,,,,17,17,18,39
Anniston,AL,US,,,,,31,31,38
Huntsville,AL,US,20,21,20,21,22,23,38
Opelika,AL,US,,21,21,22,25,25,38
Springdale,AR,US,15,34,38,31,32,34,38
Guadalupe,CA,US,53,51,51,51,50,45,38
Novato,CA,US,,,,,30,29,38
Pismo Beach,CA,US,22,22,20,23,25,25,38
Pleasanton,CA,US,,24,24,31,32,33,38
Santa Rosa,CA,US,20,23,26,30,32,33,38
South Lake Tahoe,CA,US,,,40,39,45,45,38
South Pasadena,CA,US,,,,35,37,27,38
Ukiah,CA,US,,,,,45,43,38
West Athens,CA,US,,,,,,,38
Central City,CO,US,,,10,10,11,11,38
West Haven,CT,US,,,,,24,24,38
Fayetteville,GA,US,,,21,24,31,32,38
Smyrna,GA,US,,,19,21,23,24,38
Waterloo,IA,US,,27,26,31,37,35,38
West Burlington,IA,US,,,,,24,24,38
Bowling Green,KY,US,9,42,43,38,39,26,38
Biddeford,ME,US,,21,21,24,27,27,38
Kensington,MD,US,,,,,16,16,38
Acton,MA,US,,,16,17,18,24,38
Bourne,MA,US,,,,,9,9,38
Commerce,MI,US,20,20,21,23,25,25,38
Flint,MI,US,25,26,24,25,26,24,38
Grand Blanc,MI,US,,,,22,24,19,38
Apple Valley,MN,US,,,,,27,26,38
Bloomington,MN,US,15,16,17,16,16,36,38
Long Lake,MN,US,,,28,30,30,31,38
Oxford,MS,US,41,46,46,45,45,45,38
Joplin,MO,US,,,,24,25,24,38
Bellevue,NE,US,25,25,26,27,28,27,38
Henderson,NV,US,27,24,29,31,31,35,38
Cherry Hill,NJ,US,,25,25,26,27,26,38
Jersey City,NJ,US,21,24,24,28,30,32,38
Maplewood,NJ,US,,,,24,27,30,38
Medford,NJ,US,,,,23,24,25,38
Mullica Hill,NJ,US,,,,,,,38
Clinton,NY,US,,,,14,14,15,38
Dryden,NY,US,,,,,21,20,38
Carolina Beach,NC,US,,,,,,34,38
Garner,NC,US,,,,13,17,16,38
Mentor,OH,US,,,,,,26,38
Enid,OK,US,53,44,41,37,40,38,38
Lawton,OK,US,,,,,,28,38
Tulsa,OK,US,18,20,23,25,28,28,38
Astoria,OR,US,,,,,46,48,38
Sisters,OR,US,,,,,,,38
Bethlehem,PA,US,24,25,26,27,25,26,38
Dickson City,PA,US,,,,,20,20,38
West Grove,PA,US,,,,15,15,16,38
Copper Canyon,TX,US,,,20,22,26,26,38
American Fork,UT,US,,25,25,26,27,32,38
Herriman,UT,US,,,,,,,38
Vineyard,UT,US,16,17,17,20,22,23,38
Alexandria,VA,US,39,40,37,34,37,38,38
Annandale,VA,US,,,,,,,38
Manassas,VA,US,,,,31,32,34,38
Issaquah,WA,US,,33,33,39,40,33,38
Renton,WA,US,,,,,26,26,38
Winthrop,WA,US,21,22,23,22,19,26,38
St. Albans,WV,US,,,,,26,23,38
Brookfield,WI,US,,,,24,25,26,38
Jefferson,WI,US,,,,28,29,30,38
New Berlin,WI,US,,24,26,29,30,30,38
Mobile,AL,US,23,24,23,22,24,29,37
Sitka,AK,US,,,,,,33,37
Alondra Park,CA,US,,,,,,,37
Fairfield,CA,US,15,15,16,25,26,25,37
Huntington Park,CA,US,,,,,,,37
Los Altos,CA,US,24,24,25,28,30,31,37
Los Gatos,CA,US,,,19,22,23,24,37
Monterey,CA,US,,,45,22,26,28,37
Palm Desert,CA,US,23,24,19,22,22,22,37
Pico Rivera,CA,US,,,,,,,37
Redondo Beach,CA,US,,,,33,36,34,37
Saratoga,CA,US,,,,25,28,28,37
Solvang,CA,US,53,75,41,42,46,46,37
Watsonville,CA,US,24,26,29,29,29,32,37
West Hollywood,CA,US,,26,26,23,30,30,37
Vail,CO,US,,,,34,40,47,37
Fairfield,CT,US,,,,22,22,22,37
Newington,CT,US,12,13,14,16,18,19,37
Plainfield Village,CT,US,,,,,29,28,37
Ridgefield,CT,US,,,,21,21,20,37
Stratford,CT,US,,,,,,,37
Wilton,CT,US,21,22,21,18,19,19,37
Indialantic,FL,US,,10,10,17,15,18,37
Orlando,FL,US,12,22,22,24,26,26,37
Ridge Manor,FL,US,,,,,16,16,37
Wellington,FL,US,,,,,14,15,37
Canton,GA,US,,,15,16,16,16,37
Douglasville,GA,US,,,15,15,16,16,37
Schaumburg,IL,US,,38,38,38,40,40,37
Bellevue,KY,US,,,,,25,25,37
Bangor,ME,US,34,31,32,30,33,31,37
Camden,ME,US,,,,,29,35,37
Presque Isle,ME,US,,,18,25,29,28,37
Cumberland,MD,US,,4,4,4,5,5,37
Lakeville,MA,US,,20,17,16,17,15,37
Lynnfield,MA,US,,,,,12,15,37
Shakopee,MN,US,,,,32,34,35,37
Southaven,MS,US,30,30,32,26,26,26,37
Independence,MO,US,26,26,27,32,32,32,37
Kansas City,MO,US,27,28,29,28,29,30,37
Olivette,MO,US,,,,,19,20,37
Lake Mohegan,NY,US,,,,14,14,15,37
Pittsford,NY,US,9,8,10,14,16,17,37
Bedford,OH,US,,,,,,26,37
Greenville,OH,US,,39,39,30,25,25,37
Lakewood,OH,US,,,,,,44,37
Marion,OH,US,,,,,29,29,37
Ravenna,OH,US,20,19,26,31,31,32,37
Steubenville,OH,US,,,,,,35,37
Willoughby Hills,OH,US,,,16,19,19,19,37
Lincoln City,OR,US,,,,33,41,40,37
Prineville,OR,US,,,,,23,23,37
East Earl,PA,US,,,,,21,19,37
Lancaster,PA,US,17,18,20,25,30,32,37
Pine Township,PA,US,,,21,22,24,24,37
Upper Darby,PA,US,,,,,,,37
Awendaw,SC,US,,,,,31,31,37
Cleveland,TN,US,,,38,36,37,32,37
Knoxville,TN,US,8,8,24,28,29,26,37
Murfreesboro,TN,US,24,24,25,31,32,33,37
Soddy Daisy,TN,US,,,,,,,37
Blue Ridge,TX,US,,,34,33,33,33,37
Trophy Club,TX,US,,,13,13,15,16,37
Ogden,UT,US,,31,33,26,27,28,37
Lynchburg,VA,US,21,21,20,23,25,25,37
Reston,VA,US,,32,31,30,32,31,37
Moses Lake,WA,US,,,,,,23,37
Mount Vernon,WA,US,,,,,,43,37
University Place,WA,US,,38,38,38,39,38,37
Neenah,WI,US,,,,29,30,31,37
Foley,AL,US,,,,23,25,26,36
Gadsden,AL,US,,,,,20,22,36
Queen Creek,AZ,US,,,,,,31,36
Sun Lakes,AZ,US,,,,22,23,27,36
Commerce,CA,US,,,,,17,16,36
East Pasadena,CA,US,,,,,,,36
El Dorado Hills,CA,US,,,24,27,27,27,36
Glendale,CA,US,,,,19,27,27,36
Lathrop,CA,US,,,,,,,36
Long Beach,CA,US,25,27,27,38,43,44,36
Pinole,CA,US,,,,,,,36
Pleasant Hill,CA,US,,,,,39,40,36
West Whittier-Los Nietos,CA,US,,,,,,,36
Aurora,CO,US,13,14,33,35,37,34,36
Bristol,CT,US,,18,21,22,29,32,36
Land O' Lakes,FL,US,,,,,30,31,36
Merritt Island,FL,US,,,,,,,36
Oak Park,IL,US,,3,3,4,6,31,36
South Bend,IN,US,6,6,6,7,8,37,36
Sioux City,IA,US,17,18,21,27,31,31,36
Grand Rivers,KY,US,,,,,11,11,36
Monroe,LA,US,25,25,25,22,23,25,36
Cornish,ME,US,,,45,29,30,26,36
Clarksville,MD,US,,,,,,,36
Odenton,MD,US,,22,22,25,25,27,36
Arlington,MA,US,,,,,,38,36
Nantucket,MA,US,,32,40,41,34,33,36
Raynham Center,MA,US,,,,,23,24,36
Westfield,MA,US,,,13,22,19,28,36
Monroe,MI,US,,,,,,28,36
Sterling Heights,MI,US,16,14,14,22,23,25,36
Camdenton,MO,US,,,,,,,36
Ferguson,MO,US,,,,,,,36
St. Charles,MO,US,15,20,21,23,23,27,36
Warrensburg,MO,US,,,,,,,36
Billings,MT,US,28,30,39,35,35,34,36
Grand Island,NE,US,33,33,33,30,33,36,36
Sun Valley,NV,US,,,,49,49,49,36
North Conway,NH,US,,,,,18,20,36
North Hampton,NH,US,,,,,,,36
Collingswood,NJ,US,,,,,23,25,36
West Windsor,NJ,US,,,,,,,36
Concord,NY,US,,,,,,,36
Firthcliffe,NY,US,,14,14,21,23,21,36
Charlotte,NC,US,12,23,25,29,30,32,36
Bay Village,OH,US,,,,,,18,36
Columbus,OH,US,30,25,26,25,27,25,36
Euclid,OH,US,18,18,18,19,20,30,36
Lisbon,OH,US,,,,,31,34,36
Warren,OH,US,,,,,,22,36
Xenia,OH,US,,,,29,31,29,36
Broken Arrow,OK,US,17,18,20,21,23,27,36
Lakeview,OR,US,,,,,,,36
Doylestown,PA,US,24,25,31,43,44,43,36
Easton,PA,US,,,19,24,24,24,36
Hermitage,PA,US,,,,,23,27,36
Peters,PA,US,,24,23,21,21,22,36
Plymouth Meeting,PA,US,,,,,,,36
York,PA,US,,27,27,27,28,35,36
Fort Mill,SC,US,,,,,,,36
McClellanville,SC,US,,,,,,,36
Watertown,SD,US,,,,,,29,36
Ashland City,TN,US,,,,26,27,27,36
Cookeville,TN,US,,,,,30,30,36
Nashville,TN,US,9,10,10,24,26,27,36
Austin,TX,US,12,30,30,33,34,36,36
Bee Cave,TX,US,,33,34,32,38,34,36
Colleyville,TX,US,,,10,23,23,21,36
Hackberry,TX,US,,,9,14,14,14,36
Parker,TX,US,,,9,10,10,9,36
Heber,UT,US,,,,33,39,33,36
South Jordan,UT,US,,,,37,39,42,36
Glen Allen,VA,US,,,,12,12,13,36
Suffolk,VA,US,,22,22,22,23,23,36
Woodstock,VA,US,,,,,,,36
Auburn,WA,US,,,,24,25,26,36
Bothell,WA,US,,,,,16,16,36
Bremerton,WA,US,,22,21,25,27,31,36
Kirkland,WA,US,,,26,31,33,34,36
Mountlake Terrace,WA,US,,,,,,26,36
Olympia,WA,US,29,29,30,28,30,33,36
Charleston,WV,US,22,24,26,21,22,21,36
Elkins,WV,US,,,,,,40,36
Kingwood,WV,US,,,,,27,27,36
Appleton,WI,US,26,26,29,30,30,32,36
Menasha,WI,US,,,,,,,36
Mukwonago,WI,US,,,,,29,28,36
Montgomery,AL,US,25,26,23,21,24,24,35
Show Low,AZ,US,,,,,31,30,35
Sierra Vista,AZ,US,,,27,27,29,29,35
Tempe,AZ,US,32,32,30,34,35,36,35
Atascadero,CA,US,29,29,31,34,36,36,35
Avocado Heights,CA,US,,,,,,,35
Chino Hills,CA,US,,,24,25,26,31,35
Dublin,CA,US,,25,27,30,31,33,35
Emeryville,CA,US,,,41,42,43,44,35
Folsom,CA,US,35,35,35,34,35,37,35
La Cañada Flintridge,CA,US,,,,,,,35
Lake Elsinore,CA,US,,28,28,30,32,32,35
Mayflower Village,CA,US,,,,,,,35
Rowland Heights,CA,US,,,,,,,35
Salinas,CA,US,,30,29,28,29,32,35
South San Gabriel,CA,US,,,,,,,35
Woodland,CA,US,,,46,52,52,53,35
Georgetown,CO,US,,,24,24,26,30,35
Longmont,CO,US,37,37,48,56,57,56,35
Middletown,CT,US,,33,24,24,27,27,35
Putnam,CT,US,,,,23,23,23,35
Southington,CT,US,,,,,,,35
Juno Beach,FL,US,,,,,22,22,35
Palm Coast,FL,US,,,10,12,12,16,35
Covington,GA,US,,,12,11,12,14,35
Dallas,GA,US,,15,14,14,17,17,35
Perry,GA,US,,,,,,,35
Sugar Hill,GA,US,,,,12,16,16,35
Warm Springs,GA,US,,,,,18,18,35
Algonquin,IL,US,,,,29,31,32,35
Highland Park,IL,US,19,20,21,31,33,33,35
Shipshewana,IN,US,,,,,,,35
Augusta,ME,US,30,26,24,21,23,24,35
Capitol Heights,MD,US,,,,9,10,11,35
Pasadena,MD,US,,11,11,13,13,14,35
Dighton,MA,US,,,,,,,35
Northampton,MA,US,17,17,17,16,20,33,35
Somerville,MA,US,20,33,41,57,58,63,35
Warren,MI,US,31,24,26,31,32,32,35
Woodhaven,MI,US,,,,,22,22,35
Forest Lake,MN,US,,,,,24,23,35
Maplewood,MN,US,,,,20,21,25,35
Roseville,MN,US,,,19,22,22,25,35
Meridian,MS,US,20,19,19,21,22,20,35
Starkville,MS,US,,28,27,27,28,30,35
Branson,MO,US,,,,,21,21,35
Liberty,MO,US,,,,,,,35
Hanover,NH,US,,,,,,32,35
Closter,NJ,US,,29,29,28,28,29,35
Hillsborough,NJ,US,,,,,35,35,35
Waterford,NJ,US,,,,,,,35
Evans,NY,US,,,,,,,35
New Hartford,NY,US,,11,11,11,9,10,35
Sandy Creek,NY,US,,,,16,16,16,35
Carrboro,NC,US,,,,37,38,38,35
Barberton,OH,US,16,16,16,23,24,26,35
Findlay,OH,US,,,,30,32,32,35
Hilliard,OH,US,,,,,,,35
Springfield,OH,US,,,,,33,32,35
Stillwater,OK,US,33,30,30,30,30,30,35
Sulphur,OK,US,,,,,,,35
Happy Valley,OR,US,,17,18,19,20,22,35
Hillsboro,OR,US,29,31,33,36,37,38,35
West Linn,OR,US,,,,,,24,35
Corry,PA,US,,,,,,,35
Horsham,PA,US,,,,19,20,22,35
Hydetown,PA,US,,,,,,,35
Schnecksville,PA,US,,,,,21,27,35
Pierre,SD,US,37,35,36,36,35,33,35
Columbia,TN,US,,,,21,26,25,35
Balch Springs,TX,US,,,9,21,22,23,35
Double Oak,TX,US,,,16,17,18,18,35
Joshua,TX,US,,,16,16,18,19,35
Rice,TX,US,,,18,18,18,14,35
Cedar City,UT,US,,,36,25,29,31,35
Logan,UT,US,27,24,41,47,50,49,35
Barre,VT,US,,,,,,31,35
Middlebury,VT,US,42,44,39,34,31,32,35
St. Johnsbury,VT,US,,,,,,32,35
Big Stone Gap,VA,US,,,,,26,33,35
West Springfield,VA,US,,,,32,33,33,35
Bellevue,WA,US,30,29,30,32,33,34,35
Everett,WA,US,,,41,39,40,39,35
Federal Way,WA,US,21,21,21,24,25,26,35
Lacey,WA,US,,,,29,29,32,35
Wheeling,WV,US,21,20,17,17,19,18,35
Green Lake,WI,US,,,,,28,28,35
Rhinelander,WI,US,,,,,28,28,35
Waukesha,WI,US,26,28,33,35,34,34,35
Birmingham,AL,US,21,23,24,22,23,21,34
Casa Grande,AZ,US,,,39,39,39,37,34
Colorado City,AZ,US,,,,,,,34
San Tan Valley,AZ,US,,,,,,,34
American Canyon,CA,US,,27,31,29,29,29,34
Calimesa,CA,US,,,,,,34,34
Campbell,CA,US,,,,,,,34
Clovis,CA,US,,,,21,27,26,34
Glendora,CA,US,,,,,,25,34
Irvine,CA,US,23,25,27,30,31,29,34
Lafayette,CA,US,,17,17,19,19,20,34
Modesto,CA,US,,24,25,23,22,20,34
Montebello,CA,US,30,30,29,24,32,28,34
Murrieta,CA,US,,,26,27,29,31,34
Palm Springs,CA,US,18,18,19,29,29,26,34
Poway,CA,US,,,,25,27,27,34
San Mateo,CA,US,,,35,36,39,40,34
San Rafael,CA,US,,28,24,29,30,32,34
Torrance,CA,US,,,20,20,26,29,34
Vincent,CA,US,,,,,,,34
Greenwood Village,CO,US,,,17,20,20,19,34
Monument,CO,US,,,,,20,20,34
Townsend,DE,US,,,,26,26,26,34
Stuart,FL,US,,18,18,19,22,22,34
Conyers,GA,US,,11,11,11,13,13,34
St. Marys,GA,US,,15,13,16,16,19,34
Wahiawa,HI,US,,,,19,18,19,34
East Dundee,IL,US,,11,11,11,15,13,34
Glenview,IL,US,,,,,,12,34
Greencastle,IN,US,,,,,,,34
De Soto,KS,US,,,,,28,27,34
Metairie,LA,US,24,22,24,26,26,27,34
Arnold,MD,US,,20,20,21,21,22,34
College Park,MD,US,,22,20,20,21,23,34
Friendsville,MD,US,,,,,20,20,34
Horn Lake,MS,US,21,20,21,22,23,23,34
Arnold,MO,US,,13,13,22,22,23,34
Bonhomme,MO,US,,,,,,,34
Brentwood,MO,US,,,,,22,23,34
Webster Groves,MO,US,,,,,20,21,34
Windsor,MO,US,,,,,,,34
Hackensack,NJ,US,,,,,,31,34
Neptune City,NJ,US,,,,11,13,14,34
Rockaway,NJ,US,,,17,19,21,16,34
Brewster,NY,US,,,21,17,16,16,34
Brutus,NY,US,,,,,,,34
Knightdale,NC,US,,,,,,17,34
Akron,OH,US,14,18,19,22,23,23,34
Elyria,OH,US,,,,,,25,34
Yellow Springs,OH,US,,,,,36,37,34
Norman,OK,US,21,21,21,22,24,25,34
Beaverton,OR,US,26,29,28,30,31,31,34
Bend,OR,US,20,23,29,29,30,31,34
Springfield,OR,US,,,,22,24,24,34
Tigard,OR,US,,,24,27,27,29,34
Troutdale,OR,US,,,,,23,23,34
Blakely,PA,US,,,,,8,8,34
Lansdale,PA,US,,16,20,27,29,31,34
Levittown,PA,US,,,,,,,34
Pittsburgh,PA,US,21,22,24,28,30,33,34
Franklin,TN,US,24,24,24,25,25,22,34
Caddo Mills,TX,US,,,32,32,28,29,34
Rhome,TX,US,,,28,28,25,25,34
Richfield,UT,US,43,28,30,35,27,28,34
West Valley City,UT,US,20,22,23,19,22,28,34
Herndon,VA,US,,18,20,22,24,24,34
Leesburg,VA,US,,35,36,32,36,37,34
Richmond,VA,US,20,20,22,22,24,25,34
Virginia Beach,VA,US,17,20,21,22,21,23,34
Cashmere,WA,US,,,,,,24,34
Richland,WA,US,17,20,21,23,25,29,34
Yakima,WA,US,,,30,28,29,28,34
Clarksburg,WV,US,,,,,24,25,34
Glendale,WI,US,,,,33,33,35,34
Sumiton,AL,US,,,,,,,33
Lukachukai,AZ,US,,,,,,,33
Cabot,AR,US,,,,,,,33
Concord,CA,US,,,,,32,32,33
Cupertino,CA,US,24,27,26,26,27,28,33
Dinuba,CA,US,,,,,38,38,33
Eureka,CA,US,23,22,27,25,26,28,33
La Quinta,CA,US,,,,27,29,28,33
Morgan Hill,CA,US,18,19,20,25,26,27,33
Mount Shasta,CA,US,,,,,,,33
Paradise,CA,US,,,,,25,24,33
San Jose,CA,US,20,24,27,32,33,33,33
San Ramon,CA,US,,25,23,30,32,32,33
Santa Cruz,CA,US,19,24,24,26,31,31,33
Turlock,CA,US,,,,,,31,33
Nederland,CO,US,,,18,16,14,14,33
Northglenn,CO,US,,,20,26,27,29,33
New Haven,CT,US,17,18,20,21,24,27,33
Bethany Beach,DE,US,,,22,25,26,26,33
Meadow Woods,FL,US,,,,,23,24,33
Punta Gorda,FL,US,,,,,,10,33
Atlanta,GA,US,23,23,25,26,30,31,33
Marietta,GA,US,8,9,10,11,16,16,33
McDonough,GA,US,17,17,17,17,18,18,33
Kailua,HI,US,31,27,28,25,29,29,33
North Webster,IN,US,,,,,33,33,33
Derby,KS,US,8,8,9,10,11,12,33
Covington,KY,US,,,,22,22,22,33
New Orleans,LA,US,34,34,19,23,25,26,33
Kennebunk,ME,US,,,,,18,21,33
South Portland,ME,US,,,,,,16,33
Gaithersburg,MD,US,,21,21,20,23,23,33
Boston,MA,US,24,28,28,29,34,35,33
Lexington,MA,US,11,19,20,20,21,25,33
Newburyport,MA,US,12,13,11,14,14,24,33
Fraser,MI,US,,,,,,,33
Saginaw,MI,US,,,,23,26,28,33
Grand Marais,MN,US,,,21,28,28,32,33
Cape Girardeau,MO,US,,,,,19,23,33
O'Fallon,MO,US,17,12,12,17,17,18,33
Carson City,NV,US,29,36,37,40,41,40,33
Newark,NJ,US,20,19,21,22,23,25,33
Paramus,NJ,US,,21,21,22,22,22,33
Parsippany,NJ,US,,,,,25,25,33
Paterson,NJ,US,13,13,13,14,16,16,33
West Orange,NJ,US,,18,18,22,23,24,33
Albuquerque,NM,US,13,27,28,31,32,33,33
Santa Fe,NM,US,26,25,27,30,31,31,33
Highland,NY,US,,,,,,,33
Springville,NY,US,,,,,28,28,33
Black Mountain,NC,US,,,,,23,25,33
Bandon,OR,US,,,,57,55,55,33
Cranberry Township,PA,US,,24,23,24,28,27,33
Muncy,PA,US,,,,,21,21,33
South Whitehall,PA,US,,,,,,,33
Williamsport,PA,US,,,,,,23,33
Chattanooga,TN,US,20,20,20,20,22,24,33
Spring Hill,TN,US,,,,,28,28,33
Haslet,TX,US,,,17,20,21,23,33
Runaway Bay,TX,US,,,28,28,28,28,33
The Colony,TX,US,,,15,20,20,21,33
Chesapeake,VA,US,22,22,19,20,21,21,33
Luray,VA,US,,,,,,23,33
Norfolk,VA,US,18,22,21,23,23,26,33
Shoreline,WA,US,,,,,,37,33
Auburn,AL,US,41,41,22,22,25,25,32
Tuscaloosa,AL,US,18,19,20,21,22,22,32
Alhambra,CA,US,,,24,23,25,25,32
Apple Valley,CA,US,,,,44,45,45,32
Artesia,CA,US,,,,,,,32
East Los Angeles,CA,US,,,,,,,32
La Habra,CA,US,,,,,20,20,32
Ladera Ranch,CA,US,,,,19,19,19,32
Los Alamitos,CA,US,,,,,,,32
Los Angeles,CA,US,26,28,26,19,25,25,32
Milpitas,CA,US,,,,,,,32
Oxnard,CA,US,31,40,37,37,38,37,32
San Marcos,CA,US,,,30,34,31,31,32
Santa Maria,CA,US,46,35,34,34,36,37,32
Thousand Oaks,CA,US,,27,26,27,29,30,32
Evergreen,CO,US,,,,,,,32
Glenwood Springs,CO,US,,,,,26,26,32
Bethel,CT,US,14,12,13,20,20,17,32
Bloomfield,CT,US,,,,,,,32
Groton,CT,US,,,,,,13,32
Manchester,CT,US,,21,18,19,24,24,32
Plainville,CT,US,,,,,,,32
Suffield,CT,US,,,,23,23,21,32
Bear,DE,US,,,,16,16,16,32
New Castle,DE,US,,,,,24,25,32
Deerfield Beach,FL,US,,,,13,20,20,32
Royal Palm Beach,FL,US,,15,15,18,18,18,32
St. Cloud,FL,US,,,,36,37,38,32
Temple Terrace,FL,US,,,,,17,17,32
Wildwood,FL,US,,11,11,12,13,13,32
Braselton,GA,US,,,20,17,19,20,32
Suwanee,GA,US,,,25,25,26,27,32
Tucker,GA,US,,,8,8,10,10,32
Westfield,IN,US,,,,32,33,33,32
Wolcottville,IN,US,,,,,14,14,32
Burlington,IA,US,22,22,26,26,26,26,32
Cedar Rapids,IA,US,26,24,26,28,29,29,32
Davenport,IA,US,22,29,32,32,32,28,32
Villa Hills,KY,US,,,,,,,32
West Point,KY,US,,,,,29,22,32
Bossier City,LA,US,18,18,16,17,18,18,32
Elmwood,LA,US,,,,16,16,16,32
Portland,ME,US,22,22,30,28,39,38,32
Saco,ME,US,,,,,19,19,32
California,MD,US,,,,,22,23,32
Ellicott City,MD,US,,,16,15,16,16,32
Amesbury Town,MA,US,,,,,13,10,32
Swampscott,MA,US,,,,,9,16,32
Farmington,MN,US,,,,,,,32
Lewiston,MN,US,,,,32,32,32,32
Stillwater,MN,US,,,26,25,25,26,32
Greenville,MS,US,,,,,26,24,32
Ballwin,MO,US,,25,24,30,31,32,32
Sparks,NV,US,,,,,,30,32
Morristown,NJ,US,24,24,26,37,38,39,32
Northfield,NJ,US,45,45,46,38,38,37,32
Westwood,NJ,US,,,,,,,32
Vestal,NY,US,,,,,,,32
Apex,NC,US,,,,,,19,32
Boone,NC,US,,,,,21,23,32
Holly Springs,NC,US,,,12,17,18,18,32
Cincinnati,OH,US,22,22,24,25,25,25,32
Crestline,OH,US,,34,34,37,37,37,32
Lebanon,OH,US,28,28,27,26,28,28,32
Massillon,OH,US,17,18,21,26,27,27,32
North Olmsted,OH,US,,,,20,20,20,32
Upper Arlington,OH,US,,19,26,26,28,31,32
Wadsworth,OH,US,,,,,,,32
Oklahoma City,OK,US,20,20,21,22,24,24,32
Milwaukie,OR,US,,,,27,28,30,32
Palmer Heights,PA,US,,,,12,14,15,32
Goose Creek,SC,US,12,12,12,16,17,17,32
Celina,TX,US,,,14,14,14,14,32
Lucas,TX,US,,,15,15,16,17,32
Prosper,TX,US,,,17,22,24,25,32
Bountiful,UT,US,,,,28,30,31,32
Clinton,UT,US,,,,,,,32
Layton,UT,US,,,,,,,32
Moab,UT,US,,,,27,30,38,32
Provo,UT,US,33,32,32,28,28,38,32
Spanish Fork,UT,US,,,,,,,32
Brattleboro,VT,US,31,49,46,21,23,29,32
Staunton,VA,US,,,,,,24,32
Kent,WA,US,20,20,20,20,21,21,32
Redmond,WA,US,27,27,27,28,29,28,32
Sequim,WA,US,,,,,25,25,32
Vancouver,WA,US,36,40,40,41,42,43,32
Parkersburg,WV,US,22,27,27,18,19,18,32
Cottonwood,AZ,US,,,,21,24,21,31
St. Johns,AZ,US,,,,20,19,25,31
Arcata,CA,US,49,62,53,55,58,59,31
Carson,CA,US,,,,14,18,19,31
Claremont,CA,US,,18,16,22,23,23,31
El Sobrante,CA,US,,,16,18,19,19,31
Gilroy,CA,US,,,,29,30,31,31
Hacienda Heights,CA,US,,,,,,,31
La Palma,CA,US,,,,,,,31
Redding,CA,US,19,21,22,20,21,21,31
Santa Clara,CA,US,,,22,24,26,27,31
Sunnyvale,CA,US,,,21,21,23,25,31
Yucaipa,CA,US,,,,,23,26,31
Fraser,CO,US,,,,,,,31
New Britain,CT,US,,,,,31,32,31
Rocky Hill,CT,US,,,,14,14,15,31
Dover,DE,US,15,17,17,20,22,18,31
Destin,FL,US,,,,33,27,27,31
Panama City Beach,FL,US,,,,,,23,31
Brooklet,GA,US,,,,,,,31
Guyton,GA,US,,,,,25,25,31
Mansfield,GA,US,,,,,20,20,31
Milton,GA,US,,,12,12,15,15,31
Boise,ID,US,13,13,15,24,25,28,31
Westbrook,ME,US,,,,,,19,31
Catonsville,MD,US,,,,,,14,31
Greenbelt,MD,US,,,,13,13,13,31
Towson,MD,US,15,16,17,19,19,23,31
Brookline,MA,US,,,,20,23,34,31
Southampton,MA,US,,,,,,,31
Yarmouth,MA,US,,,,,,,31
Yarmouth Port,MA,US,,,,,9,11,31
Alma,MI,US,81,29,29,32,34,32,31
Ocean Springs,MS,US,,,,,,,31
Florissant,MO,US,,,,,,,31
Durham,NH,US,,,,,,44,31
Portsmouth,NH,US,18,11,14,19,22,24,31
Cresskill,NJ,US,,,20,21,23,26,31
Piscataway,NJ,US,,22,21,22,22,22,31
Teanek,NJ,US,,,,,,19,31
Toms River,NJ,US,,,,,21,21,31
Weehawken,NJ,US,,,20,21,22,22,31
Cooperstown,NY,US,,17,17,19,19,19,31
Scotia,NY,US,,,,,3,4,31
Weedsport,NY,US,,,,,19,19,31
Wheatfield,NY,US,,,,,,,31
Springboro,OH,US,17,18,18,19,21,22,31
Edmond,OK,US,,21,21,22,25,25,31
King of Prussia,PA,US,,,,,,21,31
Langhorne,PA,US,,,,,11,11,31
Lexington,SC,US,,,,,,24,31
Nolanville,TX,US,,,,,17,18,31
Oak Point,TX,US,,,12,16,16,16,31
Saginaw,TX,US,,,9,30,31,32,31
Centerville,UT,US,19,19,20,31,33,34,31
Cottonwood Heights,UT,US,20,22,22,24,24,22,31
Farmington,UT,US,,21,22,20,24,25,31
Newport News,VA,US,22,23,22,24,23,22,31
Kenmore,WA,US,,,,,21,24,31
Marysville,WA,US,,,,,29,28,31
Dothan,AL,US,,,,23,25,24,30
Glendale,AZ,US,25,25,24,26,26,26,30
Phoenix,AZ,US,27,28,28,28,29,32,30
Scottsdale,AZ,US,22,23,22,23,25,27,30
Eureka Springs,AR,US,,,,,,,30
Shannon Hills,AR,US,,,,,,,30
Brentwood,CA,US,,,,,,38,30
Charter Oak,CA,US,,,,,,,30
Napa,CA,US,38,38,33,41,40,39,30
Palmdale,CA,US,,,,,22,23,30
Paramount,CA,US,,,,,22,21,30
Pomona,CA,US,,,,22,26,27,30
Sacramento,CA,US,27,29,29,32,34,36,30
San Pablo,CA,US,,,,,,,30
Santa Fe Springs,CA,US,,,,,,,30
Stockton,CA,US,34,35,35,21,22,25,30
Tracy,CA,US,,,,,25,25,30
Vacaville,CA,US,,,,20,20,21,30
Ventura,CA,US,34,32,32,32,33,33,30
View Park-Windsor Hills,CA,US,,,,,,,30
Breckenridge,CO,US,26,26,25,28,28,33,30
Carbondale,CO,US,,,,,,35,30
Wethersfield,CT,US,,11,13,13,14,13,30
Davie,FL,US,,,13,19,20,20,30
Lakewood Ranch,FL,US,,,,16,18,25,30
Oviedo,FL,US,,15,15,15,18,18,30
Fairburn,GA,US,,,,,12,12,30
Lawrenceville,GA,US,,,14,16,21,22,30
Powder Springs,GA,US,,,15,15,18,18,30
Savannah,GA,US,7,7,7,8,18,20,30
Stockbridge,GA,US,,,14,14,12,12,30
Kapolei,HI,US,,,,17,18,16,30
Grayslake,IL,US,,,,,,24,30
River Forest,IL,US,,,,,,,30
Ottumwa,IA,US,,,,,,,30
Indian Head,MD,US,,,,,,,30
Potomac,MD,US,,,,,16,16,30
Salisbury,MD,US,,23,23,23,22,23,30
Waldorf,MD,US,,,16,18,19,22,30
Avon,MA,US,,,,,,,30
Chatham,MA,US,,,,,,,30
Sudbury,MA,US,,,,,13,17,30
Olive Branch,MS,US,23,22,22,19,21,23,30
Crestwood,MO,US,,,,,,,30
New Haven,MO,US,,,,,22,24,30
Springfield,MO,US,24,24,24,24,26,29,30
Milford,NH,US,15,16,15,15,17,16,30
Bridgewater Center,NJ,US,,,,20,21,21,30
Brielle,NJ,US,9,9,9,9,9,10,30
Lincoln Park,NJ,US,,,,,14,14,30
Metuchen,NJ,US,,,,,,28,30
Randolph,NJ,US,,,,19,21,17,30
Red Bank,NJ,US,,17,17,19,20,21,30
Rensselaer,NY,US,,,,,6,6,30
Rosendale,NY,US,,,,,26,24,30
Elkin,NC,US,,,,,12,13,30
Raleigh,NC,US,18,18,18,19,21,21,30
Southport,NC,US,,,,,17,17,30
Williston,ND,US,,,,,,16,30
Bartlesville,OK,US,,24,24,22,23,24,30
Redmond,OR,US,21,21,25,20,21,21,30
Johnstown,PA,US,,,,,25,25,30
Nether Providence Township,PA,US,,,18,20,20,21,30
Schuylkill Township,PA,US,,14,15,15,16,17,30
North Myrtle Beach,SC,US,,,,,,11,30
Jackson,TN,US,16,16,16,20,20,20,30
Kingsport,TN,US,,15,17,14,15,17,30
Godley,TX,US,,,30,31,29,23,30
Mesquite,TX,US,,,8,22,23,24,30
Sandy,UT,US,,,,22,22,23,30
Richford,VT,US,,,,,23,23,30
Galax,VA,US,,,,,24,23,30
McLean,VA,US,,19,19,16,17,18,30
Tysons,VA,US,,,,,,,30
Warrenton,VA,US,,19,19,22,24,24,30
Winchester,VA,US,,,,26,30,30,30
Mukilteo,WA,US,,,,,,24,30
Tukwila,WA,US,,17,18,20,23,24,30
Chandler,AZ,US,23,25,28,26,27,27,29
Mesa,AZ,US,18,21,22,22,22,23,29
Huntsville,AR,US,,,,,,,29
Cerritos,CA,US,,,,,,,29
Costa Mesa,CA,US,,15,11,11,16,17,29
Duarte,CA,US,,,,,,,29
East Rancho Dominguez,CA,US,,,,,,,29
Fair Oaks,CA,US,,,,,,,29
Fullerton,CA,US,,,28,26,25,24,29
Grass Valley,CA,US,,,25,20,22,22,29
Hanford,CA,US,,,,,,26,29
La Mirada,CA,US,,,,,,,29
Lomita,CA,US,,,,,,,29
McKinleyville,CA,US,,,,,,,29
San Juan Capistrano,CA,US,19,22,22,22,23,22,29
San Marino,CA,US,,,,,,16,29
Villa Park,CA,US,,,,,,,29
West Carson,CA,US,,,,,,,29
Arvada,CO,US,,9,21,23,25,25,29
Johnstown,CO,US,,,14,14,14,14,29
Lafayette,CO,US,,17,28,29,30,30,29
Lakewood,CO,US,20,19,22,24,25,29,29
Pagosa Springs,CO,US,,,,,18,18,29
South Windsor,CT,US,,15,13,16,16,16,29
Bonita Springs,FL,US,,,,,12,13,29
Doral,FL,US,,,,14,14,14,29
New Smyrna Beach,FL,US,,11,11,11,10,11,29
Palm Beach Gardens,FL,US,,,,,,16,29
Plantation,FL,US,,16,15,21,21,21,29
Tallahassee,FL,US,14,15,29,28,28,28,29
The Villages,FL,US,22,22,35,33,35,35,29
Union Park,FL,US,,,,,,20,29
Brookhaven,GA,US,,21,18,16,19,21,29
Buford,GA,US,,,15,15,20,20,29
Duluth,GA,US,18,18,20,16,18,17,29
Dunwoody,GA,US,11,11,12,14,16,19,29
East Honolulu,HI,US,15,16,16,18,21,22,29
Avon,IN,US,,,,11,11,13,29
Olathe,KS,US,22,23,21,22,23,24,29
Baton Rouge,LA,US,25,21,19,21,22,22,29
Lake Charles,LA,US,15,16,16,17,16,18,29
Bowie,MD,US,,13,14,13,14,15,29
Germantown,MD,US,19,20,19,25,26,27,29
Lanham,MD,US,,,,,,,29
Falmouth,MA,US,16,16,15,18,22,22,29
Shelburne Falls,MA,US,,,,,,,29
Clinton Township,MI,US,,,14,24,25,24,29
Moorhead,MN,US,,,,,23,23,29
Biloxi,MS,US,15,16,22,20,20,20,29
Jefferson City,MO,US,,,,,18,17,29
Kirkwood,MO,US,,,,,26,27,29
Ozark,MO,US,,,,,14,14,29
St. Joseph,MO,US,,29,29,24,24,23,29
Littleton,NH,US,,,,19,18,25,29
Nashua,NH,US,15,13,14,14,15,17,29
Englewood,NJ,US,,,,,,,29
Hanover,NJ,US,,,,,,16,29
Webster,NY,US,,,,16,18,15,29
Bermuda Run,NC,US,,,,,,,29
Concord,NC,US,11,12,12,11,12,12,29
Waxhaw,NC,US,9,10,11,12,11,11,29
Broadview Heights,OH,US,,,,,20,20,29
Canton,OH,US,14,14,15,20,21,22,29
East Liverpool,OH,US,,,,,23,23,29
Lima,OH,US,,24,19,21,24,24,29
Loudonville,OH,US,,,,,23,23,29
Mount Vernon,OH,US,,,,,,,29
St. Clairsville,OH,US,,,,,,,29
Tallmadge,OH,US,,,,,,20,29
Claremore,OK,US,,,,18,15,15,29
Mechanicsburg,PA,US,,19,19,24,25,29,29
Quarryville,PA,US,,,,,,,29
Mount Pleasant,SC,US,12,12,12,14,15,19,29
Sioux Falls,SD,US,19,21,22,24,24,25,29
Clarksville,TN,US,22,23,24,24,25,21,29
Oak Ridge,TN,US,,,,,,21,29
Anna,TX,US,,,25,28,27,27,29
Highland Village,TX,US,,,13,29,31,30,29
Lake Dallas,TX,US,,,15,15,20,20,29
Little Elm,TX,US,,,14,17,18,18,29
Nevada,TX,US,,,21,22,22,22,29
Newark,TX,US,,,18,15,15,15,29
Palmer,TX,US,,,26,28,28,27,29
Seagoville,TX,US,,,12,19,22,22,29
Southlake,TX,US,,14,14,23,23,23,29
Tomball,TX,US,,,,18,19,23,29
Midway,UT,US,,,,,,,29
Danville,VA,US,,,,,,,29
Harrisonburg,VA,US,,20,21,23,24,27,29
Wenatchee,WA,US,28,32,42,40,40,43,29
Gilbert,AZ,US,22,25,26,27,28,28,28
Goodyear,AZ,US,,,25,23,23,25,28
Lake Havasu City,AZ,US,,,,20,20,20,28
Peoria,AZ,US,21,20,19,21,23,23,28
Antioch,CA,US,,,27,29,30,29,28
Arroyo Grande,CA,US,28,28,24,28,25,26,28
Beaumont,CA,US,,,24,25,26,20,28
Bellflower,CA,US,,,,,,,28
Brea,CA,US,,,,,,,28
El Monte,CA,US,,,13,13,22,22,28
Fontana,CA,US,,,17,23,23,24,28
La Crescenta-Montrose,CA,US,,,,,,,28
Laguna Beach,CA,US,29,28,28,33,29,30,28
Lancaster,CA,US,,,,19,27,27,28
Rancho Cordova,CA,US,,,,26,26,29,28
San Diego,CA,US,26,28,29,30,32,33,28
Seal Beach,CA,US,,,,,,,28
Simi Valley,CA,US,19,20,20,19,20,25,28
Temecula,CA,US,,22,22,22,22,22,28
Walnut,CA,US,,,,,,,28
Bow Mar,CO,US,,,2,4,4,5,28
Commerce City,CO,US,,,13,15,17,16,28
Firestone,CO,US,,,16,18,18,18,28
Loveland,CO,US,9,10,26,29,31,32,28
Superior,CO,US,,,21,23,25,25,28
Norwalk,CT,US,6,6,13,20,21,23,28
West Hartford,CT,US,14,13,13,14,17,16,28
Windsor,CT,US,,,,,,,28
Ocean View,DE,US,,15,15,15,18,17,28
Miami,FL,US,4,4,20,22,24,24,28
Ocoee,FL,US,,10,11,10,10,11,28
Pembroke Pines,FL,US,,,,,17,18,28
Winter Garden,FL,US,,13,14,15,16,16,28
Acworth,GA,US,,,,13,18,19,28
Carrollton,GA,US,16,16,16,18,19,19,28
Gainesville,GA,US,,,,,11,11,28
Lilburn,GA,US,,,13,14,15,15,28
Roswell,GA,US,13,15,16,18,23,23,28
Hilo,HI,US,14,13,15,17,18,19,28
Carpentersville,IL,US,,,,19,20,20,28
Muscatine,IA,US,,,,,20,20,28
Shreveport,LA,US,19,18,19,19,20,20,28
Auburn,ME,US,,,,12,12,14,28
Edgemere,MD,US,,,,,,,28
Rockville,MD,US,16,16,17,19,21,22,28
Abington,MA,US,,,,,,13,28
Concord,MA,US,,,,,,,28
Holden,MA,US,,,,,,,28
Southbridge Town,MA,US,,,,,8,16,28
Worcester,MA,US,6,6,7,7,7,20,28
East Lansing,MI,US,,,,36,36,36,28
Ypsilanti,MI,US,,,,26,27,25,28
Hutchinson,MN,US,,,,,20,24,28
Norfolk,NE,US,,28,28,29,25,28,28
Dover,NH,US,,,,15,15,16,28
Hampton,NH,US,,,,,,24,28
Somersworth,NH,US,,,,12,12,12,28
Baldwinsville,NY,US,,,,,20,20,28
Dundee,NY,US,,28,28,20,20,20,28
Ellicottville,NY,US,,,,,16,16,28
Belmont,NC,US,,,,,10,10,28
Orrville,OH,US,,,,24,29,29,28
Toledo,OH,US,16,17,17,18,20,21,28
Stilwell,OK,US,,,,,,,28
Hood River,OR,US,,,,27,27,28,28
Medford,OR,US,33,33,26,27,29,29,28
Newberg,OR,US,,,,,,39,28
Salem,OR,US,14,14,15,21,23,24,28
The Dalles,OR,US,,,,,24,24,28
Croydon,PA,US,,,,,,,28
Providence,RI,US,27,29,16,26,29,30,28
Vermillion,SD,US,,,,,,28,28
Argyle,TX,US,,,15,21,21,21,28
Corinth,TX,US,,,15,22,23,23,28
Hudson Oaks,TX,US,,,6,6,6,6,28
Katy,TX,US,,,,15,15,16,28
Keller,TX,US,,,12,18,19,24,28
Lewisville,TX,US,,,9,17,19,18,28
Avondale,AZ,US,17,17,22,24,25,24,27
Fountain Hills,AZ,US,,,,,28,28,27
Yuma,AZ,US,16,17,17,16,18,20,27
Azusa,CA,US,,,,,,18,27
Buena Park,CA,US,,,,,,,27
Capitola,CA,US,16,16,16,16,17,17,27
Carlsbad,CA,US,18,21,19,21,24,26,27
Castro Valley,CA,US,,,,19,19,19,27
Elk Grove,CA,US,,,,21,22,23,27
Gardena,CA,US,,,,,,,27
Hayward,CA,US,,,,,19,19,27
Hermosa Beach,CA,US,,,,,,,27
Laguna Niguel,CA,US,,,19,19,19,19,27
Lynwood,CA,US,,,,,,,27
Redlands,CA,US,21,20,21,23,24,26,27
Rocklin,CA,US,,,18,20,21,22,27
Roseville,CA,US,,17,17,18,19,20,27
Rossmoor,CA,US,,,,,,,27
Tulare,CA,US,,,,,36,38,27
Whittier,CA,US,,,,,,,27
Idaho Springs,CO,US,,,21,23,25,23,27
Groveland,FL,US,,,,,17,19,27
Indian Harbour Beach,FL,US,,16,16,16,16,17,27
Jacksonville,FL,US,15,16,17,17,17,18,27
Kissimmee,FL,US,,,,,,16,27
Sopchoppy,FL,US,,,,26,22,22,27
Alpharetta,GA,US,,,18,18,23,22,27
Jefferson,GA,US,,,,19,19,20,27
Kennesaw,GA,US,,,13,14,16,19,27
Locust Grove,GA,US,,,17,18,18,18,27
South Fulton,GA,US,,,,,,,27
Rexburg,ID,US,24,24,24,15,17,17,27
Washington,IL,US,15,15,16,16,17,23,27
Monroeville,IN,US,,,,,17,17,27
Noblesville,IN,US,,,,21,22,22,27
Midway,KY,US,,,,19,17,21,27
Newport,KY,US,,,,,20,20,27
Franklinton,LA,US,,,,,,,27
North Beach,MD,US,,,,,,17,27
Severna Park,MD,US,,17,17,19,20,21,27
Amherst,MA,US,,,,17,18,24,27
Great Barrington,MA,US,,,,,,21,27
Melrose,MA,US,7,7,7,12,15,27,27
Bemidji,MN,US,,,,17,18,19,27
Coon Rapids,MN,US,,,,18,18,18,27
West St. Paul,MN,US,,,,,,25,27
Hattiesburg,MS,US,19,18,18,18,22,24,27
Valley Park,MO,US,,,,,,,27
North Platte,NE,US,31,21,21,23,25,24,27
Reno,NV,US,25,25,23,23,24,27,27
Summit,NJ,US,,31,32,21,26,26,27
Mosquero,NM,US,,16,19,29,29,29,27
Cohoes,NY,US,,,,,,,27
Fairport,NY,US,,,,15,15,16,27
Cornelius,NC,US,,,,,,,27
Jacksonville,NC,US,,,,12,15,15,27
Mooresville,NC,US,10,9,9,10,12,15,27
Morrisville,NC,US,,,,18,20,20,27
Shawnee,OK,US,,,,,,21,27
Hatboro,PA,US,,,,,,20,27
Pittston,PA,US,,,,,17,18,27
Barrington,RI,US,,29,20,23,23,23,27
Allen,TX,US,,23,22,22,24,24,27
Bastrop,TX,US,,9,8,9,10,13,27
Conroe,TX,US,,,,,,15,27
Crandall,TX,US,,,14,14,15,15,27
Frisco,TX,US,,,9,18,18,19,27
Red Oak,TX,US,,,18,21,20,21,27
Roanoke,TX,US,,,23,28,30,30,27
Rockwall,TX,US,,,11,21,21,22,27
Abingdon,VA,US,,,,24,26,25,27
Charlottesville,VA,US,19,21,24,23,26,27,27
Silverdale,WA,US,,,,16,16,18,27
Decatur,AL,US,26,26,24,25,25,24,26
Conway,AR,US,7,21,19,17,20,26,26
Baldwin Park,CA,US,,,15,15,21,26,26
Chino,CA,US,,19,17,21,22,24,26
Culver City,CA,US,13,25,29,28,30,29,26
Encinitas,CA,US,,39,38,38,41,40,26
Garden Grove,CA,US,,,,17,18,16,26
Lodi,CA,US,,,,20,21,29,26
Nevada City,CA,US,,,,,,,26
Riverside,CA,US,20,20,19,22,20,21,26
San Gabriel,CA,US,,,,,20,21,26
San Leandro,CA,US,,,,,21,21,26
Santa Ana,CA,US,19,22,21,19,20,21,26
South El Monte,CA,US,,,,,17,17,26
Westminster,CA,US,,,,14,15,17,26
Yuba City,CA,US,,,,25,27,28,26
Castle Pines,CO,US,,,26,25,27,26,26
Castle Rock,CO,US,,,24,23,24,27,26
Erie,CO,US,,,19,23,23,23,26
Windsor,CO,US,,,14,24,24,24,26
Greenwich,CT,US,,17,18,19,21,22,26
Casselberry,FL,US,,6,6,8,8,8,26
Gainesville,FL,US,16,17,17,17,19,20,26
Melbourne,FL,US,12,12,12,15,17,17,26
Ormond Beach,FL,US,,11,12,13,13,12,26
Port Orange,FL,US,,,,,18,18,26
Rockledge,FL,US,,,,16,22,22,26
Sanford,FL,US,,,,11,11,13,26
West Palm Beach,FL,US,,,,16,17,17,26
Peachtree Corners,GA,US,,,15,8,10,10,26
Thomasville,GA,US,,,,,,22,26
Buffalo Grove,IL,US,,,,,,21,26
Cary,IL,US,,,18,17,21,21,26
Edwardsville,IL,US,13,14,15,17,18,19,26
McLean,IL,US,,,,,,,26
Valparaiso,IN,US,,,,,25,25,26
Leavenworth,KS,US,,,,18,17,17,26
Lexington,KY,US,10,10,19,20,23,23,26
Richmond,KY,US,,,,,,20,26
Marrero,LA,US,,,,22,23,23,26
Bel Air,MD,US,,17,17,18,19,19,26
Berlin,MD,US,,,,,,14,26
Hancock,MD,US,,,,,16,16,26
Owings Mills,MD,US,,,,17,17,17,26
Burlington,MA,US,,,,,,,26
Newton,MA,US,,7,7,8,9,22,26
Plymouth,MA,US,,,,,12,12,26
Shrewsbury,MA,US,,,,12,11,11,26
Blaine,MN,US,,,,,,19,26
Lanesboro,MN,US,,,,16,16,16,26
Watertown,MN,US,,,,,19,22,26
Gulfport,MS,US,17,15,17,18,20,20,26
Concord,NH,US,11,13,14,14,16,16,26
Cedar Grove,NJ,US,,,,18,18,18,26
Gibbsboro,NJ,US,,,,,,,26
Ridgefield Park,NJ,US,,,,,11,11,26
Tohatchi,NM,US,,,,,,,26
Matthews,NC,US,15,15,15,17,18,18,26
Plymouth,NC,US,,,,,,,26
Brookings,OR,US,,,,40,41,41,26
Lake Oswego,OR,US,,20,19,20,21,22,26
Chambersburg,PA,US,,,,,24,26,26
Paoli,PA,US,,,15,18,19,24,26
Upper Moreland,PA,US,,,,,,,26
Portsmouth,RI,US,,,,,,,26
Clemson,SC,US,15,15,15,13,15,16,26
Johnson City,TN,US,26,26,28,31,23,19,26
Troy,TN,US,,18,19,19,19,19,26
Rio Vista,TX,US,,,26,23,23,21,26
West Tawakoni,TX,US,,,21,21,21,21,26
Orem,UT,US,32,32,32,22,22,24,26
West Jordan,UT,US,17,18,18,20,21,23,26
Ashburn,VA,US,,19,19,18,20,21,26
Hampton,VA,US,,,,,,17,26
Waynesboro,VA,US,,,,,22,22,26
Spokane Valley,WA,US,,,,21,24,25,26
Altadena,CA,US,,,20,19,27,26,25
Chula Vista,CA,US,21,21,22,23,26,26,25
Corona,CA,US,,,,16,15,15,25
El Cajon,CA,US,,,,,,,25
Fresno,CA,US,18,19,18,17,19,26,25
La Verne,CA,US,,,12,12,15,15,25
Menifee,CA,US,,,21,22,22,20,25
Pasadena,CA,US,,22,18,19,25,25,25
Placerville,CA,US,,,,,18,18,25
Rancho Santa Margarita,CA,US,,,,15,15,15,25
Rosemead,CA,US,,,,,,,25
San Dimas,CA,US,,,,,,,25
Upland,CA,US,,,,,,21,25
West Rancho Dominguez,CA,US,,,,,,,25
Federal Heights,CO,US,,,6,7,9,9,25
Frederick,CO,US,,,17,16,16,16,25
Severance,CO,US,,,15,27,27,27,25
Timnath,CO,US,,,15,17,17,21,25
Meriden,CT,US,,15,14,14,15,16,25
Milford,DE,US,,,,,,14,25
Altamonte Springs,FL,US,,7,7,7,10,10,25
Mount Dora,FL,US,,,10,8,11,11,25
Riverview,FL,US,,20,22,22,25,24,25
Seminole,FL,US,8,7,7,7,7,7,25
Webster,FL,US,,,,,21,21,25
Cartersville,GA,US,,,,,,,25
Ellijay,GA,US,,,,,15,15,25
Stonecrest,GA,US,,,23,21,18,18,25
Honolulu,HI,US,18,17,19,18,19,19,25
Eagle,ID,US,,,,,,,25
Cicero,IL,US,,,,,,21,25
Plainfield,IL,US,,,,17,18,19,25
Shorewood,IL,US,,13,14,16,18,22,25
Silvis,IL,US,,,,,12,12,25
Angola,IN,US,,,,,23,20,25
Granger,IN,US,,10,16,16,17,17,25
Olive Hill,KY,US,,,,,17,16,25
Lewiston,ME,US,37,37,37,38,38,28,25
Brunswick,MD,US,,,,,,15,25
Forest Heights,MD,US,,,,,17,16,25
Glen Burnie,MD,US,,14,14,16,17,18,25
Gardner,MA,US,,,,,15,17,25
Greenfield,MA,US,,,,9,11,26,25
Millbury,MA,US,,,13,14,14,13,25
Southborough,MA,US,,,,,,,25
Stoneham,MA,US,,,,,10,18,25
Woburn,MA,US,,,,8,10,11,25
Macomb,MI,US,,,10,18,20,20,25
Hastings,MN,US,,,,26,26,27,25
Red Wing,MN,US,,16,16,18,18,18,25
Kearney,NE,US,31,22,23,22,25,25,25
Wall,NJ,US,,,,13,14,14,25
Scarsdale,NY,US,,,,4,4,5,25
Creedmoor,NC,US,,,,,17,17,25
Durham,NC,US,14,15,15,16,17,17,25
Albany,OR,US,20,25,24,23,24,22,25
Gresham,OR,US,18,16,17,21,22,24,25
McMinnville,OR,US,,,,,,17,25
Sweet Home,OR,US,,,,,,,25
Coventry,RI,US,,,,,,,25
Middletown,RI,US,,,,,,21,25
North Charleston,SC,US,,,,,,13,25
Summerville,SC,US,12,10,10,15,15,15,25
Bartlett,TN,US,17,17,17,17,19,20,25
Maryville,TN,US,,23,27,29,31,20,25
Alvord,TX,US,,,16,15,13,13,25
Boyd,TX,US,,,22,25,22,22,25
Cedar Park,TX,US,,,,,,,25
College Station,TX,US,,,,18,21,21,25
Glen Rose,TX,US,,,13,14,14,17,25
Granbury,TX,US,,,11,12,12,12,25
Krum,TX,US,,,21,21,16,16,25
Mabank,TX,US,,,13,15,14,14,25
Whitehouse,TX,US,,,,,19,20,25
Midvale,UT,US,,,,17,18,20,25
Bell,CA,US,,,,,,,24
Camarillo,CA,US,,16,16,16,16,16,24
Indio,CA,US,,,,14,18,19,24
Lakewood,CA,US,,,,,,,24
Los Osos,CA,US,,,,,,,24
Manteca,CA,US,,,,,,19,24
San Bernardino,CA,US,10,11,11,15,15,15,24
Santee,CA,US,,,14,16,18,18,24
South Whittier,CA,US,,,,,,,24
Temple City,CA,US,,,,,,,24
Tustin,CA,US,14,14,14,15,15,16,24
Visalia,CA,US,,,26,30,31,33,24
Vista,CA,US,,,,,18,18,24
Willowbrook,CA,US,,,,,,,24
Dacono,CO,US,,,15,15,14,13,24
Durango,CO,US,,13,13,13,20,21,24
Eagle,CO,US,,,,23,21,21,24
Milliken,CO,US,,,15,15,15,15,24
Parker,CO,US,,18,20,18,20,20,24
Hartford,CT,US,17,15,15,16,17,17,24
Stamford,CT,US,11,11,11,13,14,14,24
Apopka,FL,US,,,,,11,11,24
Clermont,FL,US,14,14,13,13,14,13,24
Fort Myers,FL,US,,12,12,14,15,14,24
Margate,FL,US,,,,,,20,24
Minneola,FL,US,,,,,13,13,24
Miramar,FL,US,,,,,14,14,24
Titusville,FL,US,,10,12,12,16,16,24
Venice,FL,US,9,10,12,15,18,18,24
Chamblee,GA,US,,,9,8,10,11,24
Watkinsville,GA,US,,,,,14,17,24
Pearl City,HI,US,,,,,,15,24
Meridian,ID,US,8,9,11,23,22,21,24
Bartlett,IL,US,,15,16,17,17,17,24
Lake Forest,IL,US,,,,,13,20,24
Mascoutah,IL,US,,,,,25,25,24
Naperville,IL,US,,14,16,17,18,18,24
Streamwood,IL,US,,,,,23,19,24
Urbana,IL,US,12,16,17,22,23,25,24
Kenner,LA,US,35,28,22,23,23,24,24
Aspen Hill,MD,US,,,,,17,17,24
Frederick,MD,US,12,12,13,12,13,11,24
Takoma Park,MD,US,,,,12,13,14,24
Andover,MA,US,,,,,11,17,24
Blackstone,MA,US,,,,,,,24
Foxborough,MA,US,12,13,14,16,16,17,24
Franklin Town,MA,US,,,,,,14,24
Northbridge,MA,US,,,,,,14,24
Westborough,MA,US,,,16,16,17,17,24
Detroit Lakes,MN,US,,,,7,7,10,24
Mankato,MN,US,,,,18,19,22,24
Columbus,NE,US,,,,20,21,21,24
Las Vegas,NV,US,20,20,19,19,18,16,24
Rochester,NH,US,,,,,,15,24
Hammonton,NJ,US,,20,20,20,21,28,24
Sussex,NJ,US,,,,,12,12,24
Akron,NY,US,,,20,20,20,20,24
Blooming Grove,NY,US,,,,,,,24
Riverhead,NY,US,,,,,,,24
Saugerties,NY,US,,,12,15,12,12,24
Old Fort,NC,US,,,,,,,24
Saluda,NC,US,,,,,21,18,24
Mansfield,OH,US,,14,14,14,13,14,24
Oregon City,OR,US,,17,19,23,23,24,24
Roseburg,OR,US,,,,26,24,25,24
Athens,PA,US,,,24,23,24,23,24
Carnegie,PA,US,,,,,,,24
Cranston,RI,US,26,27,14,16,18,18,24
Athens,TN,US,,,,39,38,21,24
Boerne,TX,US,,,,,17,17,24
Grandview,TX,US,,,15,18,20,19,24
Grapevine,TX,US,,,10,16,16,16,24
Krugerville,TX,US,,,19,19,16,16,24
League City,TX,US,,,,15,15,17,24
McKinney,TX,US,,12,19,23,24,23,24
New Braunfels,TX,US,,,,14,15,15,24
Round Rock,TX,US,,11,9,11,13,13,24
Willow Park,TX,US,,,14,11,10,10,24
Kennewick,WA,US,13,14,14,15,15,15,24
Beckley,WV,US,,,,,21,19,24
South Charleston,WV,US,,,,,,,24
Apache Junction,AZ,US,,,,,,,23
Searcy,AR,US,,,,13,13,17,23
Aliso Viejo,CA,US,,10,10,10,10,11,23
Anaheim,CA,US,15,16,14,14,15,14,23
Arcadia,CA,US,,,,,,22,23
Carpinteria,CA,US,30,31,31,31,30,31,23
Escondido,CA,US,,20,20,20,21,21,23
Fountain Valley,CA,US,,13,13,13,14,16,23
Highland,CA,US,,,,,,18,23
Livermore,CA,US,21,29,31,27,28,29,23
Moreno Valley,CA,US,,,,17,18,19,23
Norwalk,CA,US,,,,,,,23
Ontario,CA,US,,,,,,19,23
Orange,CA,US,,18,19,17,17,17,23
Rancho Cucamonga,CA,US,12,13,14,16,16,18,23
Vallejo,CA,US,,,,,23,24,23
Windsor,CA,US,,,,,,,23
Yorba Linda,CA,US,14,14,12,13,13,14,23
Bayfield,CO,US,,,,,,,23
Lyons,CO,US,,22,23,23,21,17,23
Steamboat,CO,US,,,,,,,23
Steamboat Springs,CO,US,10,11,10,13,13,13,23
Westminster,CO,US,,16,18,18,19,20,23
Bridgeport,CT,US,14,15,11,11,12,14,23
Green Cove Springs,FL,US,,,,9,8,8,23
Hobe Sound,FL,US,,16,16,15,16,16,23
Naples,FL,US,,11,9,10,12,13,23
Sunrise,FL,US,,,13,17,17,18,23
Vero Beach,FL,US,7,9,9,10,11,12,23
Athens,GA,US,11,12,13,16,17,18,23
College Park,GA,US,,,7,7,12,12,23
Morrow,GA,US,,,14,14,12,13,23
Norcross,GA,US,,,,10,15,14,23
Tybee Island,GA,US,,,,16,23,22,23
Waipahu,HI,US,,,12,12,12,19,23
Champaign,IL,US,16,20,21,23,24,24,23
Niles,IL,US,,,,,11,12,23
Shiloh,IL,US,,,,12,12,12,23
St. Joseph,IL,US,,,,,15,15,23
Towanda,IL,US,,,,,,,23
Goshen,IN,US,,,,,11,12,23
Speedway,IN,US,,,,,11,14,23
Mason City,IA,US,,14,14,17,17,19,23
Shawnee,KS,US,14,15,15,15,19,19,23
Lafayette,LA,US,14,14,17,16,18,20,23
Havre de Grace,MD,US,,,,,7,7,23
La Plata,MD,US,,,,,11,11,23
Silver Spring,MD,US,11,11,11,12,12,13,23
Agawam Town,MA,US,,,,,8,8,23
Barnstable,MA,US,,,,9,9,12,23
Oxford,MA,US,,,,,11,10,23
Pittsfield,MA,US,,,,12,21,20,23
Salem,MA,US,,,,12,13,19,23
Uxbridge,MA,US,,,,,,14,23
Wayland,MA,US,,,,12,13,14,23
West Springfield Town,MA,US,,,,,7,7,23
Keene,NH,US,10,10,11,12,13,13,23
Bridgeton,NJ,US,,,,17,14,17,23
Bethlehem,NY,US,,,,13,13,13,23
Ithaca,NY,US,,12,7,9,10,14,23
Mamaroneck,NY,US,,,,,,,23
Greenville,NC,US,,,,12,14,15,23
New Bern,NC,US,,,,,,,23
Wooster,OH,US,,,,34,26,26,23
Cushing,OK,US,,,,,,,23
Bensalem,PA,US,,,,,14,14,23
Warwick,RI,US,19,19,15,15,18,18,23
Myrtle Beach,SC,US,12,13,13,14,14,14,23
North Augusta,SC,US,,,,12,12,13,23
Georgetown,TX,US,,,,14,14,15,23
Italy,TX,US,,,16,14,14,13,23
Pantego,TX,US,,,10,11,11,10,23
San Marcos,TX,US,,,,15,16,20,23
Spring,TX,US,,,,13,14,14,23
Wilmer,TX,US,,,15,17,14,15,23
Vernal,UT,US,,,,,,,23
Marshall,AR,US,,,,,,,22
Dana Point,CA,US,,,18,21,23,23,22
Monterey Park,CA,US,,,,,,15,22
Signal Hill,CA,US,,,,,,,22
Littleton,CO,US,43,42,44,17,17,19,22
Cutler Bay,FL,US,,,,13,14,15,22
Daytona Beach,FL,US,,,,10,12,11,22
Lockhart,FL,US,,,,,11,13,22
Milledgeville,GA,US,,,,,14,15,22
Roberta,GA,US,,,,18,17,17,22
Winder,GA,US,,22,25,20,22,20,22
Cascade,ID,US,,,,10,10,10,22
Libertyville,IL,US,,,9,11,12,14,22
Beech Grove,IN,US,,,,,12,13,22
Clarksville,IN,US,,,,,7,7,22
Columbus,IN,US,12,13,13,11,15,16,22
Fort Dodge,IA,US,,,,19,16,16,22
Carbondale,KS,US,,,,,,,22
Radcliff,KY,US,,,,,10,11,22
Hyattsville,MD,US,,,,,19,20,22
Braintree,MA,US,,10,10,11,11,11,22
Chelmsford,MA,US,,,,7,8,8,22
Danvers,MA,US,,,,,,,22
Marblehead,MA,US,,,,,7,13,22
Peabody,MA,US,,,,,9,9,22
Allegan,MI,US,,,,23,23,19,22
Austin,MN,US,,,,,18,19,22
Edina,MN,US,,,,21,22,24,22
Grand Rapids,MN,US,,,,11,9,12,22
International Falls,MN,US,,,,,13,13,22
Northfield,MN,US,,,,17,17,24,22
Willmar,MN,US,,,,,14,14,22
Jackson,MS,US,18,17,16,12,12,12,22
Little Falls,NJ,US,,,,,,,22
Stirling,NJ,US,,26,24,11,13,13,22
Lake Placid,NY,US,,,,,,,22
Pinehurst,NC,US,,,,8,7,7,22
Sandusky,OH,US,,15,16,16,17,18,22
Grants Pass,OR,US,,35,35,37,31,41,22
Burnham,PA,US,,,,,16,17,22
Reading,PA,US,,12,13,17,17,17,22
West Chester,PA,US,46,46,44,64,62,62,22
Collierville,TN,US,18,18,19,17,18,19,22
Denton,TX,US,,,16,20,20,20,22
Justin,TX,US,,,23,23,24,24,22
Midlothian,TX,US,,,13,13,13,13,22
Ovilla,TX,US,,,11,14,14,14,22
Richardson,TX,US,9,9,11,14,14,14,22
Venus,TX,US,,,13,14,14,13,22
Hopewell,VA,US,,,,23,18,15,22
Cypress,CA,US,,,,,,,21
Downey,CA,US,,,12,11,20,19,21
Hercules,CA,US,,,,,,,21
La Mesa,CA,US,,24,24,31,34,34,21
Oroville,CA,US,,,,,,11,21
Paso Robles,CA,US,20,19,19,19,22,20,21
Rialto,CA,US,,,13,18,18,18,21
San Clemente,CA,US,,,25,28,28,26,21
Stanton,CA,US,,,,,,,21
West Covina,CA,US,,,,,,,21
Buena Vista,CO,US,,13,24,14,13,12,21
Grand Junction,CO,US,,12,12,11,14,15,21
Ignacio,CO,US,,,,,,,21
Darien,CT,US,,,,9,9,9,21
Dunedin,FL,US,,,,9,10,10,21
St. Augustine,FL,US,,7,7,7,8,8,21
St. Petersburg,FL,US,10,9,10,9,15,15,21
Augusta,GA,US,9,10,11,9,10,10,21
Decatur,GA,US,10,10,12,14,15,15,21
Newnan,GA,US,,13,13,14,15,15,21
Sandy Springs,GA,US,,,9,9,13,13,21
McCall,ID,US,,,,11,14,18,21
Post Falls,ID,US,,,,,,,21
Arlington Heights,IL,US,,8,8,8,8,13,21
Des Plaines,IL,US,,,,9,10,15,21
Dixon,IL,US,,5,5,5,6,6,21
Lake Zurich,IL,US,,,,,14,20,21
Palos Heights,IL,US,,,,,9,9,21
South Elgin,IL,US,,,,,,,21
St. Charles,IL,US,14,14,13,13,13,13,21
Chesterton,IN,US,,,,,,10,21
Whitesburg,KY,US,,,,16,14,14,21
Aberdeen,MD,US,,,,,,,21
Annapolis,MD,US,,9,9,12,13,13,21
Attleboro,MA,US,,,,,15,15,21
Dedham,MA,US,,,6,7,8,12,21
Winchendon,MA,US,,,,,14,14,21
Fridley,MN,US,,,,,,13,21
Pascagoula,MS,US,,,,,,,21
Paradise,NV,US,26,22,21,17,17,20,21
Manchester,NH,US,5,6,11,11,12,13,21
Passaic,NJ,US,,,,,,14,21
Taos,NM,US,,9,10,9,9,10,21
Albany,NY,US,9,8,8,10,10,12,21
Greece,NY,US,,,,14,14,15,21
Mount Kisco,NY,US,,,,,15,18,21
Northport,NY,US,,13,11,13,13,13,21
Benson,NC,US,,,,,,,21
Glen Alpine,NC,US,,,,,,13,21
Southern Pines,NC,US,,,,,10,9,21
Central Falls,RI,US,,,,,,,21
Charleston,SC,US,7,7,7,9,10,10,21
Alvarado,TX,US,,,13,13,13,15,21
Crowley,TX,US,,,10,12,12,12,21
Farmers Branch,TX,US,,,11,11,13,13,21
Forney,TX,US,,,12,15,16,15,21
Hutchins,TX,US,,,13,18,18,18,21
Melissa,TX,US,,,22,21,23,26,21
Royse City,TX,US,,,13,15,15,15,21
Weatherford,TX,US,,,10,16,17,16,21
Bryant,AR,US,,,,,,,20
Centerton,AR,US,,,,10,10,11,20
Auburn,CA,US,,,,12,12,11,20
Montclair,CA,US,,,,,,,20
Oceanside,CA,US,,17,17,27,31,31,20
Victorville,CA,US,,,,,18,18,20
Berthoud,CO,US,,,10,10,11,11,20
Lochbuie,CO,US,,,9,9,9,11,20
Atlantic Beach,FL,US,,,,14,14,15,20
Boca Raton,FL,US,,,8,9,10,10,20
Boynton Beach,FL,US,,,7,10,10,9,20
Clearwater,FL,US,,8,8,9,10,9,20
Coral Gables,FL,US,,,,11,12,13,20
Orange City,FL,US,,,,,,9,20
Tarpon Springs,FL,US,,,,9,9,10,20
Albany,GA,US,7,7,10,11,13,13,20
Avondale Estates,GA,US,,,5,6,8,8,20
Clarkston,GA,US,,,9,10,11,11,20
Lithonia,GA,US,,,6,6,6,6,20
Elk Grove Village,IL,US,,7,7,7,10,11,20
Normal,IL,US,11,14,16,19,19,21,20
Brownsburg,IN,US,,,,,11,12,20
Indianapolis,IN,US,7,7,8,11,12,15,20
Elizabethtown,KY,US,9,9,9,9,9,10,20
Pineville,LA,US,,,,,12,11,20
Easton,MD,US,,11,12,12,12,15,20
Laurel,MD,US,,,,,,,20
Framingham,MA,US,,,,10,10,16,20
Leominster,MA,US,,,,,9,9,20
Weymouth Town,MA,US,,,,,,11,20
Crosby,MN,US,,,,16,13,15,20
Heron Lake,MN,US,,,,,19,19,20
Bayonne,NJ,US,,,,,21,21,20
Totowa,NJ,US,,,,,,,20
Socorro,NM,US,,15,15,20,21,21,20
Catskill,NY,US,,,,14,15,15,20
Manhasset,NY,US,,13,14,15,16,16,20
Oneonta,NY,US,,,,,,19,20
Oyster Bay,NY,US,,,,,,18,20
Port Washington,NY,US,,,,15,16,16,20
Stony Brook,NY,US,,14,14,13,14,14,20
Troy,NY,US,,,,,,12,20
Huntersville,NC,US,,,,10,11,12,20
Monroe,NC,US,,,,,,,20
Gettysburg,PA,US,,,,,18,18,20
East Providence,RI,US,,13,12,11,12,13,20
Narragansett,RI,US,,18,13,13,15,13,20
Newport,RI,US,17,20,11,14,14,15,20
Clover,SC,US,,,,,,,20
Greenville,SC,US,14,14,15,16,16,17,20
Spartanburg,SC,US,,,,15,15,19,20
Belton,TX,US,,,,12,14,17,20
Edinburg,TX,US,,,,,,,20
Nacogdoches,TX,US,,,,,,16,20
San Antonio,TX,US,12,12,13,13,14,14,20
San Elizario,TX,US,9,9,9,13,15,15,20
Westworth Village,TX,US,,,4,7,7,7,20
Wylie,TX,US,,,7,11,11,12,20
Little Rock,AR,US,11,11,11,13,13,12,19
Siloam Springs,AR,US,12,13,13,15,16,16,19
Covina,CA,US,,,,,,,19
Florence-Graham,CA,US,,,,,,,19
Huntington Beach,CA,US,,12,12,11,11,14,19
Lone Tree,CO,US,,,19,24,27,23,19
Aventura,FL,US,9,9,9,8,8,8,19
Brooksville,FL,US,,13,13,12,11,12,19
Dania Beach,FL,US,,,,6,7,9,19
Fort Lauderdale,FL,US,4,5,5,11,12,12,19
Lakeland,FL,US,,9,9,9,9,9,19
Longwood,FL,US,,,,,7,7,19
Melbourne Beach,FL,US,11,12,12,17,10,10,19
Ocala,FL,US,10,11,11,9,10,10,19
Columbus,GA,US,8,8,8,9,10,11,19
Demorest,GA,US,,,,,,12,19
Macon,GA,US,9,9,9,9,9,10,19
Warner Robins,GA,US,,,,,9,9,19
Idaho Falls,ID,US,6,6,11,13,13,13,19
Columbia,IL,US,,,,,11,12,19
Gurnee,IL,US,,,,10,12,12,19
O'Fallon,IL,US,,,,,,9,19
West Chicago,IL,US,,,,12,13,13,19
Louisville,KY,US,7,8,9,8,9,9,19
Billerica,MA,US,,,,8,8,8,19
Cochituate,MA,US,8,9,9,9,10,10,19
Easthampton,MA,US,,,,11,11,12,19
Lynn,MA,US,,,,,6,15,19
Natick,MA,US,,,8,8,9,10,19
Waltham,MA,US,,7,7,7,9,16,19
Fairmont,MN,US,,,,,14,14,19
St. Cloud,MN,US,7,8,8,9,9,11,19
Owensville,MO,US,,,,,27,27,19
Tenafly,NJ,US,,,,,18,19,19
Wildwood,NJ,US,,27,28,28,28,29,19
Hatch,NM,US,,10,9,13,12,12,19
Santa Rosa,NM,US,,9,9,9,8,9,19
Albertson,NY,US,,,,,,,19
Lake Grove,NY,US,,8,8,9,13,13,19
Larchmont,NY,US,,,,,,,19
Saratoga Springs,NY,US,,7,8,9,10,9,19
Sea Cliff,NY,US,,,,,,13,19
Southampton,NY,US,,8,10,10,12,12,19
Williamsville,NY,US,,,,10,14,14,19
Asheville,NC,US,7,9,8,8,9,9,19
Thomasville,NC,US,,,,,,9,19
Lebanon,PA,US,,,,17,17,17,19
Bristol,RI,US,,,,,,,19
Cumberland,RI,US,,,,,,,19
Cumberland Hill,RI,US,,,,,13,13,19
Narragansett Pier,RI,US,27,27,16,16,18,16,19
Columbia,SC,US,7,7,7,8,8,10,19
Conway,SC,US,,,,,,,19
Rock Hill,SC,US,,,,11,12,12,19
Memphis,TN,US,5,11,12,12,14,15,19
Burleson,TX,US,,,12,12,13,13,19
Euless,TX,US,,,7,10,10,10,19
Fate,TX,US,,,7,12,12,12,19
Kerrville,TX,US,,,,14,14,13,19
Waxahachie,TX,US,,,10,10,11,11,19
Heber Springs,AR,US,,,,,,13,18
Jonesboro,AR,US,10,9,9,9,9,11,18
North Little Rock,AR,US,8,8,8,8,8,8,18
Pea Ridge,AR,US,,,,,,,18
Bakersfield,CA,US,14,11,11,13,14,14,18
Eastvale,CA,US,,,,17,20,22,18
North Tustin,CA,US,,,,,,,18
Alamosa,CO,US,,,,14,13,27,18
Centennial,CO,US,,,12,13,13,13,18
Sheridan,CO,US,,,7,9,10,12,18
Silverton,CO,US,,,,,,,18
Wheat Ridge,CO,US,16,17,13,13,14,15,18
Waterbury,CT,US,12,12,12,13,13,12,18
Largo,FL,US,,,,,8,8,18
Maitland,FL,US,,,,6,6,7,18
Milton,FL,US,,,,,,,18
North Port,FL,US,,,,6,6,6,18
Pompano Beach,FL,US,,,,9,10,10,18
LaGrange,GA,US,,10,10,10,12,12,18
Bloomington,IL,US,,7,7,8,9,10,18
Bolingbrook,IL,US,,,,,,14,18
Hanover Park,IL,US,,,,13,14,13,18
Joliet,IL,US,9,9,9,9,9,10,18
Lombard,IL,US,,11,11,11,11,11,18
Fort Wayne,IN,US,10,10,10,11,11,12,18
Franklin,IN,US,,,,13,13,13,18
Lafayette,IN,US,,7,9,12,13,14,18
Lawrence,IN,US,,,,12,13,13,18
Munster,IN,US,,9,9,10,13,14,18
New Albany,IN,US,,,,,,,18
Schererville,IN,US,7,8,8,8,10,11,18
Manhattan,KS,US,12,12,11,12,12,12,18
Mission,KS,US,,,,,,12,18
Fort Wright,KY,US,,,,22,22,22,18
Everett,MA,US,,,,,10,11,18
Hudson,MA,US,,,,,10,11,18
Medford,MA,US,,,,7,8,16,18
Middleborough Center,MA,US,,,,,,12,18
Alexandria,MN,US,9,9,9,9,11,11,18
Marshall,MN,US,,,,,27,27,18
Crystal City,MO,US,,,,,10,10,18
North Las Vegas,NV,US,,,,,,12,18
Wildwood Crest,NJ,US,,,,,,23,18
Gallup,NM,US,,8,8,8,9,9,18
Ruidoso,NM,US,,7,7,8,8,7,18
Hempstead,NY,US,,,,,,14,18
Kings Park,NY,US,,11,11,10,11,11,18
Washingtonville,NY,US,,,,,10,10,18
White Plains,NY,US,,,,,,,18
Wilmington,NC,US,,9,10,11,11,11,18
Winston-Salem,NC,US,8,8,8,8,9,9,18
Sumter,SC,US,,,,10,10,10,18
Germantown,TN,US,,12,16,16,17,16,18
Blanco,TX,US,,,,14,13,14,18
Carrollton,TX,US,,7,9,10,11,12,18
Kemp,TX,US,,,22,22,22,22,18
Mansfield,TX,US,,,11,21,22,18,18
Pilot Point,TX,US,,,15,19,19,16,18
Sugar Land,TX,US,,,,13,15,16,18
Cody,WY,US,,,,,,14,18
Monticello,AR,US,,,,12,11,10,17
Placentia,CA,US,,,,,,,17
Brighton,CO,US,,14,17,17,17,17,17
Evans,CO,US,,,4,5,6,7,17
Highlands Ranch,CO,US,,,,17,18,16,17
DeLand,FL,US,,,,6,7,7,17
Delray Beach,FL,US,,,,10,10,10,17
Satellite Beach,FL,US,,7,8,8,8,9,17
Tavares,FL,US,,8,9,9,9,9,17
Reidsville,GA,US,,14,14,16,17,17,17
Sandpoint,ID,US,18,18,18,20,21,19,17
Carterville,IL,US,,,,,8,8,17
Loves Park,IL,US,,,,8,10,10,17
Macomb,IL,US,,,18,18,20,20,17
Riverside,IL,US,,,,,,9,17
Woodstock,IL,US,,,,10,11,11,17
Cicero,IN,US,,16,16,15,16,16,17
Columbia City,IN,US,,,,,,15,17
La Porte,IN,US,,8,8,15,17,16,17
Lowell,IN,US,,,11,9,11,11,17
Kansas City,KS,US,9,9,9,9,9,9,17
Glenarden,MD,US,,,,,8,7,17
Milford,MA,US,,,,,10,11,17
Taunton,MA,US,,,,,8,8,17
Wellesley,MA,US,,,,,,10,17
Hibbing,MN,US,,,,,9,9,17
Williamstown,NJ,US,,,,17,15,15,17
Farmington,NM,US,,15,10,10,11,11,17
Bath,NY,US,,,,,10,10,17
Canandaigua,NY,US,,,,8,8,9,17
Falconer,NY,US,,,,,,,17
Port Jervis,NY,US,,,,,12,17,17
Rye,NY,US,,,,5,5,5,17
Fayetteville,NC,US,8,10,10,10,10,10,17
Goldsboro,NC,US,,,,,,9,17
Greensboro,NC,US,8,8,8,7,8,9,17
Hendersonville,NC,US,,,,7,8,8,17
Randleman,NC,US,,,,,,,17
Salisbury,NC,US,,,,,,,17
La Grande,OR,US,,,,,17,18,17
Woonsocket,RI,US,,,,,14,14,17
Easley,SC,US,,8,8,9,10,10,17
Irmo,SC,US,,,,10,10,11,17
Azle,TX,US,,,10,11,11,11,17
Cedar Hill,TX,US,,,10,11,11,12,17
Cleburne,TX,US,,,7,9,10,12,17
Corpus Christi,TX,US,8,8,8,8,9,9,17
Decatur,TX,US,,,10,12,13,13,17
Houston,TX,US,9,9,10,10,11,11,17
Keene,TX,US,,,12,12,13,14,17
Lancaster,TX,US,,,10,10,11,10,17
Laredo,TX,US,,,,,8,9,17
Rowlett,TX,US,,,14,13,13,14,17
Taylor,TX,US,,,,,,,17
Temple,TX,US,,,,8,9,9,17
Mountain Home,AR,US,9,9,9,9,8,8,16
National City,CA,US,,,,,23,20,16
Hotchkiss,CO,US,,,,18,15,13,16
Inverness,FL,US,,7,7,8,8,8,16
Keystone Heights,FL,US,,,,,,10,16
Sebring,FL,US,,7,7,10,9,9,16
Cairo,GA,US,,,,,10,10,16
Greensboro,GA,US,,,,,13,13,16
Downers Grove,IL,US,9,9,9,11,11,11,16
East Moline,IL,US,,,,,9,9,16
Elgin,IL,US,,,,8,9,10,16
Geneseo,IL,US,,,,,9,11,16
Morton,IL,US,,11,11,12,12,13,16
Northbrook,IL,US,,,8,8,9,9,16
Palatine,IL,US,,10,10,10,11,11,16
Princeton,IL,US,,,,12,12,13,16
Springfield,IL,US,7,7,7,7,8,8,16
Waukegan,IL,US,,,5,7,9,9,16
Winfield,IL,US,9,9,10,11,11,11,16
Greenfield,IN,US,,,,,10,10,16
Richmond,IN,US,,,13,9,12,12,16
Leawood,KS,US,,,,,15,16,16
Wichita,KS,US,6,7,7,8,10,9,16
Frankfort,KY,US,,,,,,12,16
Springfield,MA,US,6,9,9,9,9,10,16
Wakefield,MA,US,,,,9,11,12,16
La Crescent,MN,US,,,,17,17,17,16
Festus,MO,US,,,,11,11,11,16
Middletown,NY,US,,,,,9,10,16
Rome,NY,US,,,,,7,8,16
Asheboro,NC,US,,10,8,7,8,8,16
Brevard,NC,US,,,,13,13,13,16
Hickory,NC,US,7,7,6,7,7,8,16
High Point,NC,US,7,7,7,7,7,7,16
Shelby,NC,US,,10,10,10,10,10,16
Statesville,NC,US,,,,10,9,9,16
Shippensburg,PA,US,,,,,18,20,16
Benbrook,TX,US,,,8,9,9,9,16
Commerce,TX,US,,,12,12,11,11,16
Copperas Cove,TX,US,,,,12,12,11,16
Grand Prairie,TX,US,,,8,9,11,11,16
Irving,TX,US,,8,8,10,11,11,16
Kaufman,TX,US,,,14,13,14,14,16
Lake Worth,TX,US,,,8,10,12,11,16
North Richland Hills,TX,US,,,7,12,13,13,16
Princeton,TX,US,,,28,28,27,27,16
Quinlan,TX,US,,,21,21,21,23,16
Springtown,TX,US,,,11,11,10,12,16
Walla Walla,WA,US,,,,8,9,9,16
Rock Springs,WY,US,,,,,,11,16
Benton,AR,US,,,,,,,15
Hot Springs,AR,US,,7,7,8,7,9,15
Maumelle,AR,US,,,,,,20,15
Russellville,AR,US,,,,8,8,8,15
Eaton,CO,US,,,11,11,11,11,15
Edgewater,CO,US,,,27,16,20,21,15
Bradenton,FL,US,,5,8,8,8,8,15
Jacksonville Beach,FL,US,,13,13,13,13,13,15
Live Oak,FL,US,,,8,11,13,12,15
North Miami Beach,FL,US,,,,9,10,10,15
Palmetto Bay,FL,US,,,,5,6,7,15
Griffin,GA,US,,,,12,11,11,15
Sparta,GA,US,,,,,,,15
Vidalia,GA,US,,,,,,,15
Pocatello,ID,US,7,7,6,6,7,7,15
Barrington,IL,US,,,7,8,8,8,15
Batavia,IL,US,12,12,12,12,13,13,15
Carbondale,IL,US,,,,,,,15
Deerfield,IL,US,,7,7,8,8,9,15
La Grange,IL,US,,,6,6,6,7,15
Peotone,IL,US,,,,,,,15
Zion,IL,US,,,,,13,13,15
Topeka,KS,US,5,5,6,6,7,8,15
Danville,KY,US,11,11,11,11,11,11,15
Oakland,MD,US,,,,,,,15
Westminster,MD,US,,,,10,11,11,15
Wheaton,MD,US,,,,,11,11,15
Adams,MA,US,,,,,,,15
Malden,MA,US,,,,4,6,9,15
Norwood,MA,US,,,7,8,8,9,15
Quincy,MA,US,,,,,16,8,15
Revere,MA,US,6,6,6,7,9,9,15
Crystal,MN,US,,,,,,,15
Duluth,MN,US,8,8,8,9,9,10,15
Faribault,MN,US,,,,12,14,14,15
Fergus Falls,MN,US,,,10,12,12,12,15
New Ulm,MN,US,10,11,11,11,13,13,15
Park Rapids,MN,US,,,,10,9,9,15
Ballston,NY,US,,,,,,,15
Ballston Spa,NY,US,,,,,9,9,15
Franklin,NC,US,,,,8,8,8,15
Kannapolis,NC,US,,,,,7,8,15
Bedford,TX,US,,,7,10,10,10,15
Brownsville,TX,US,,,,,,9,15
Dallas,TX,US,7,7,8,10,11,12,15
DeSoto,TX,US,,,10,12,13,13,15
Fort Worth,TX,US,6,6,7,9,10,10,15
Kennedale,TX,US,,,10,11,12,11,15
Longview,TX,US,,8,8,9,9,9,15
Plano,TX,US,6,6,8,10,10,11,15
Sanger,TX,US,,,12,10,10,10,15
Stephenville,TX,US,,,9,9,9,9,15
Terrell,TX,US,,,10,10,10,10,15
Waco,TX,US,,,,11,12,7,15
Wichita Falls,TX,US,,,,9,9,11,15
De Queen,AR,US,,,,,11,11,14
Fruita,CO,US,,,,11,11,11,14
Greeley,CO,US,,7,7,10,11,12,14
Gunnison,CO,US,,,,33,33,34,14
Davenport,FL,US,,,,,,,14
Fernandina Beach,FL,US,,,,,,9,14
Palm Bay,FL,US,,,,,,10,14
South Miami,FL,US,,,,5,6,6,14
Union Point,GA,US,,,,,12,12,14
Moscow,ID,US,,,9,8,9,10,14
Crystal Lake,IL,US,,6,6,7,8,9,14
Hazel Crest,IL,US,,,,,8,8,14
Homewood,IL,US,6,7,7,7,9,10,14
Pekin,IL,US,,6,7,7,6,6,14
Peoria,IL,US,6,7,8,8,9,9,14
Crown Point,IN,US,9,9,8,8,8,8,14
Hammond,IN,US,3,3,4,5,10,14,14
Muncie,IN,US,,,,7,7,7,14
Terre Haute,IN,US,,,,7,8,9,14
Murray,KY,US,,,,,,,14
Clinton,MA,US,,,,,13,12,14
Fitchburg,MA,US,,,,,,,14
Lowell,MA,US,5,5,5,5,5,9,14
Mahnomen,MN,US,,,,,,,14
Sidney,NE,US,,,,,,,14
Rio Rancho,NM,US,6,7,8,8,8,9,14
North Bellmore,NY,US,,,,5,7,7,14
Pelham,NY,US,,,,,3,4,14
Penn Yan,NY,US,,,,9,9,11,14
Plainview,NY,US,,8,9,9,9,9,14
Plattsburgh,NY,US,,,9,9,11,10,14
Abilene,TX,US,,,,6,6,6,14
Arlington,TX,US,6,6,7,8,9,9,14
Corsicana,TX,US,,,10,10,12,12,14
Ferris,TX,US,,,11,11,11,11,14
Harlingen,TX,US,,,,7,7,8,14
Kerens,TX,US,,,17,17,18,18,14
McAllen,TX,US,,7,7,6,7,7,14
Murphy,TX,US,,,8,10,10,10,14
Odessa,TX,US,,,,,,,14
Pasadena,TX,US,,,,6,6,6,14
Sachse,TX,US,,,8,10,10,10,14
Sherman,TX,US,,,,7,8,8,14
Sheridan,WY,US,,,,,,12,14
Fort Smith,AR,US,5,5,5,6,7,8,13
La Salle,CO,US,,,5,5,5,7,13
Sterling,CO,US,,,,,8,8,13
Fort Pierce,FL,US,,,,6,6,6,13
Miami Gardens,FL,US,,,,4,5,5,13
Pinecrest,FL,US,,,,7,7,8,13
Spring Hill,FL,US,,7,7,8,8,8,13
Barnesville,GA,US,,,,,,9,13
Caldwell,ID,US,,,,,,7,13
Nampa,ID,US,,,,,,8,13
Belleville,IL,US,,8,8,8,8,8,13
Centralia,IL,US,,,,,9,9,13
Moline,IL,US,,,,11,11,10,13
Rock Island,IL,US,,,,7,7,6,13
Villa Park,IL,US,7,7,7,7,7,7,13
Wheaton,IL,US,,,,11,11,11,13
Brookville,IN,US,,,,13,11,12,13
Evansville,IN,US,5,5,6,6,8,8,13
Highland,IN,US,,,,8,11,11,13
Orleans,IN,US,,,,,,,13
Arkansas City,KS,US,,,,,13,13,13
Princess Anne,MD,US,,,,,7,7,13
Chelsea,MA,US,,,,,4,5,13
Haverhill,MA,US,,,,,8,8,13
Thief River Falls,MN,US,,,,,,8,13
Winona,MN,US,,,,,13,13,13
Hobbs,NM,US,,,,,,9,13
Lordsburg,NM,US,,8,8,8,10,12,13
East Northport,NY,US,,9,8,9,10,10,13
Geneva,NY,US,,,,9,11,11,13
Poughkeepsie,NY,US,,,,,10,10,13
Syracuse,NY,US,8,7,7,8,10,11,13
Tonawanda,NY,US,,,,8,10,10,13
Watertown,NY,US,,,,,,,13
Spencer,NC,US,,,,,,,13
Pawtucket,RI,US,14,13,8,9,11,11,13
Florence,SC,US,,,,,7,6,13
Amarillo,TX,US,,,6,6,6,6,13
Beaumont,TX,US,,,,,7,8,13
Cockrell Hill,TX,US,,,6,10,11,12,13
Duncanville,TX,US,,,7,9,10,10,13
Everman,TX,US,,,10,9,9,8,13
Galveston,TX,US,,,,7,8,7,13
Greenville,TX,US,,,10,9,10,10,13
Haltom City,TX,US,,,5,6,6,7,13
Hurst,TX,US,5,5,5,8,8,9,13
Kilgore,TX,US,,,,6,6,6,13
Killeen,TX,US,,,,6,7,8,13
Midland,TX,US,,,,9,9,9,13
Mission,TX,US,,,,6,7,7,13
Olmos Park,TX,US,,,,5,5,5,13
Sansom Park,TX,US,,,3,6,6,5,13
Socorro,TX,US,,,,,8,8,13
Tyler,TX,US,,,,10,11,11,13
White Settlement,TX,US,,,6,6,6,6,13
Laramie,WY,US,10,10,7,17,18,17,13
Pine Bluff,AR,US,6,6,5,6,5,5,12
Cañon City,CO,US,,,,7,7,7,12
Leadville,CO,US,,,,,12,12,12
Hialeah,FL,US,,,,4,5,5,12
North Miami,FL,US,,,,5,5,5,12
Port St. Lucie,FL,US,,12,12,12,13,13,12
Sarasota,FL,US,,5,6,7,8,9,12
Stone Mountain,GA,US,,,7,7,9,9,12
Twin Falls,ID,US,,10,10,10,10,11,12
Bourbonnais,IL,US,,,,9,9,9,12
Effingham,IL,US,,,,,7,8,12
Glen Ellyn,IL,US,,8,8,8,8,9,12
Peru,IL,US,,,,,7,8,12
Marion,IN,US,,,,,,,12
Salem,IN,US,,,,,6,7,12
Emporia,KS,US,,,,,6,6,12
Iola,KS,US,,11,10,11,10,10,12
Mansfield,MA,US,,,,,,,12
Needham,MA,US,,,,6,7,8,12
Alamogordo,NM,US,,6,8,9,12,12,12
Silver City,NM,US,,9,10,8,8,8,12
Huntington Station,NY,US,,,,6,7,7,12
Olean,NY,US,,,,,8,8,12
Yonkers,NY,US,,,,,,,12
Anderson,SC,US,,,,8,8,9,12
Ennis,TX,US,,,10,10,10,10,12
Garland,TX,US,,,5,7,8,8,12
Highland Park,TX,US,,,6,10,10,10,12
Lubbock,TX,US,,,7,7,8,8,12
Mineral Wells,TX,US,,,9,10,10,9,12
Cheyenne,WY,US,7,7,7,8,8,9,12
Riverton,WY,US,,,,8,7,7,12
Englewood,CO,US,,,6,8,9,9,11
Hollywood,FL,US,,,,,,6,11
New Port Richey,FL,US,,,,13,13,13,11
Chicago,IL,US,5,5,5,8,9,11,11
Danville,IL,US,,,,6,6,6,11
Flossmoor,IL,US,,7,7,6,7,8,11
Rockford,IL,US,7,7,7,7,8,8,11
Anderson,IN,US,,,6,5,6,6,11
Kokomo,IN,US,,,,,7,7,11
Union City,IN,US,,,,,,,11
Augusta,KS,US,,,,,8,8,11
Holton,KS,US,,,,11,10,10,11
Marysville,KS,US,,,,,,,11
Owensboro,KY,US,10,11,11,10,10,9,11
Hagerstown,MD,US,,6,7,6,7,7,11
Albert Lea,MN,US,,,,,10,10,11
Brainerd,MN,US,,6,6,6,11,11,11
Carlsbad,NM,US,,,,,,7,11
Buffalo,NY,US,6,6,6,8,9,10,11
Depew,NY,US,,,,6,7,7,11
Greenlawn,NY,US,,7,7,7,9,9,11
Kenmore,NY,US,,,,,5,5,11
Long Beach,NY,US,,7,6,6,6,7,11
Newburgh,NY,US,,,,6,7,7,11
Pelham Manor,NY,US,2,2,2,2,3,3,11
Port Chester,NY,US,6,6,6,6,6,6,11
Wantagh,NY,US,,,5,5,5,6,11
China Grove,NC,US,,,,8,7,7,11
Waynesville,NC,US,,,,,5,5,11
Gaffney,SC,US,,,,,7,7,11
Edgecliff Village,TX,US,,,2,3,4,4,11
El Paso,TX,US,6,6,6,7,7,7,11
San Angelo,TX,US,,,,6,6,6,11
Watauga,TX,US,,,5,7,8,8,11
Wolfe City,TX,US,,,19,19,16,16,11
Woodway,TX,US,,6,6,6,6,7,11
Powell,WY,US,,,,12,10,11,11
Marianna,AR,US,,,,,8,8,10
Pueblo,CO,US,,4,4,5,5,6,10
Cape Coral,FL,US,,6,6,5,5,6,10
Miami Springs,FL,US,,,,4,4,4,10
Opa-locka,FL,US,,,,,,4,10
Buhl,ID,US,,,,9,9,9,10
Gooding,ID,US,,,,4,3,3,10
Alton,IL,US,,,,,6,6,10
Decatur,IL,US,7,7,6,6,5,5,10
Elkhart,IN,US,,,,,5,5,10
Gary,IN,US,4,4,4,4,6,7,10
Huntington,IN,US,,,,,,,10
Garnett,KS,US,,,,,,9,10
Moundridge,KS,US,,,,,,,10
Brockton,MA,US,,,,8,9,9,10
Grants,NM,US,,,,21,12,11,10
Las Cruces,NM,US,8,8,8,8,8,9,10
Las Vegas,NM,US,,7,7,7,8,8,10
Roswell,NM,US,6,6,6,6,6,6,10
Glens Falls,NY,US,,,,,,,10
Ogdensburg,NY,US,,,,,7,7,10
Rochester,NY,US,5,5,5,6,7,7,10
Farmersville,TX,US,,,13,14,14,13,10
University Park,TX,US,,,4,6,6,6,10
Fort Valley,GA,US,,,,9,9,9,9
Bradley,IL,US,,,,,6,6,9
Elmhurst,IL,US,,7,7,7,7,7,9
Mattoon,IL,US,,,,,8,9,9
Mount Sterling,IL,US,,,,8,6,6,9
Oak Lawn,IL,US,,,,,,8,9
Park Ridge,IL,US,,,,5,6,6,9
Quincy,IL,US,8,8,8,6,6,7,9
Ottawa,KS,US,,,,6,7,7,9
Salina,KS,US,,5,5,5,5,5,9
Wellington,KS,US,,,,,5,5,9
Fall River,MA,US,,,,6,7,8,9
Islip,NY,US,,,,,,6,9
Jamestown,NY,US,,,,4,5,6,9
Walhalla,SC,US,,,,,,7,9
Brady,TX,US,,,,6,5,5,9
Bridgeport,TX,US,,,9,11,11,11,9
Forest Hill,TX,US,,,3,4,4,4,9
River Oaks,TX,US,,,2,4,4,4,9
Casper,WY,US,5,5,5,5,5,5,9
Lander,WY,US,,,,9,9,12,9
Rawlins,WY,US,,,,,,,9
Trinidad,CO,US,,,,,,,8
Lake Worth Beach,FL,US,,,,4,5,5,8
Kankakee,IL,US,,,,5,5,5,8
Skokie,IL,US,,,,5,6,6,8
Sterling,IL,US,,4,4,5,5,6,8
Paducah,KY,US,4,4,4,4,5,5,8
New Bedford,MA,US,,,,,6,6,8
Binghamton,NY,US,,4,4,4,5,5,8
Massapequa,NY,US,,5,5,5,5,6,8
Merrick,NY,US,,5,5,6,6,6,8
Oswego,NY,US,,7,6,6,6,6,8
Richland Hills,TX,US,,,3,3,3,3,8
Uvalde,TX,US,,6,6,5,5,5,8
Dodge City,KS,US,,,,,4,4,7
Hutchinson,KS,US,,,,4,5,5,7
Liberal,KS,US,,,,5,4,4,7
McPherson,KS,US,,,,,4,5,7
Lawrence,MA,US,,,,,,,7
Corning,NY,US,,,,,5,5,7
Deer Park,NY,US,,,,,3,3,7
Mount Vernon,NY,US,3,2,2,2,3,4,7
Niagara Falls,NY,US,,,,,5,5,7
Valley Stream,NY,US,,,,6,6,6,7
Dublin,TX,US,,,6,6,6,7,7
Gulfport,FL,US,,,,3,2,2,6
Berwyn,IL,US,,,,4,5,5,6
Rushville,IL,US,,,,,5,5,6
Fort Scott,KS,US,,,,6,5,5,6
Lyons,KS,US,,,,,6,7,6
Parsons,KS,US,,,,,,,6
Deming,NM,US,,,,,,,6
Mena,AR,US,,,,,,,5
Fort Morgan,CO,US,,,,,3,4,5
La Junta,CO,US,,,,,,,5
Kewanee,IL,US,,,,,,5,5
Massapequa Park,NY,US,,,,3,3,3,5
Clay Center,KS,US,,,,,,,4
Independence,KS,US,,,,,4,4,4
New York,NY,US,49,54,50,56,56,61,
Aguada,PR,US,,,,,,25,
Bayamón,PR,US,,,,,,32,
Boquerón,PR,US,,,,,,39,
Caguas,PR,US,,,,,,21,
Carolina,PR,US,,,,,,27,
Ponce,PR,US,,,,,,23,
San Juan,PR,US,36,37,37,40,41,39,
Vega Baja,PR,US,,,,19,19,19,
